DATE,adaptive_regime
2009-11-24,0.0
2009-11-25,0.0
2009-11-27,0.0
2009-11-30,0.0
2009-12-01,0.0
2009-12-02,0.0
2009-12-03,0.0
2009-12-04,0.0
2009-12-07,0.0
2009-12-08,0.0
2009-12-09,0.0
2009-12-10,0.0
2009-12-11,0.0
2009-12-14,0.0
2009-12-15,0.0
2009-12-16,0.0
2009-12-17,0.0
2009-12-18,0.0
2009-12-21,0.0
2009-12-22,0.0
2009-12-23,0.0
2009-12-24,0.0
2009-12-28,0.0
2009-12-29,0.0
2009-12-30,0.0
2009-12-31,0.0
2010-01-04,0.0
2010-01-05,0.0
2010-01-06,0.0
2010-01-07,0.0
2010-01-08,0.0
2010-01-11,0.0
2010-01-12,0.0
2010-01-13,0.0
2010-01-14,0.0
2010-01-15,0.0
2010-01-19,0.0
2010-01-20,0.0
2010-01-21,0.0
2010-01-22,0.0
2010-01-25,0.0
2010-01-26,0.0
2010-01-27,0.0
2010-01-28,0.0
2010-01-29,0.0
2010-02-01,0.0
2010-02-02,0.0
2010-02-03,0.0
2010-02-04,0.0
2010-02-05,0.0
2010-02-08,0.0
2010-02-09,0.0
2010-02-10,0.0
2010-02-11,0.0
2010-02-12,0.0
2010-02-16,0.0
2010-02-17,0.0
2010-02-18,0.0
2010-02-19,0.0
2010-02-22,0.0
2010-02-23,0.0
2010-02-24,0.0
2010-02-25,0.0
2010-02-26,0.0
2010-03-01,0.0
2010-03-02,0.0
2010-03-03,0.0
2010-03-04,0.0
2010-03-05,0.0
2010-03-08,0.0
2010-03-09,0.0
2010-03-10,0.0
2010-03-11,0.0
2010-03-12,0.0
2010-03-15,0.0
2010-03-16,0.0
2010-03-17,0.0
2010-03-18,0.0
2010-03-19,0.0
2010-03-22,0.0
2010-03-23,0.0
2010-03-24,0.0
2010-03-25,0.0
2010-03-26,0.0
2010-03-29,0.0
2010-03-30,0.0
2010-03-31,0.0
2010-04-01,0.0
2010-04-05,0.0
2010-04-06,0.0
2010-04-07,0.0
2010-04-08,0.0
2010-04-09,0.0
2010-04-12,0.0
2010-04-13,0.0
2010-04-14,0.0
2010-04-15,0.0
2010-04-16,0.0
2010-04-19,0.0
2010-04-20,0.0
2010-04-21,0.0
2010-04-22,0.0
2010-04-23,0.0
2010-04-26,0.0
2010-04-27,0.0
2010-04-28,0.0
2010-04-29,0.0
2010-04-30,0.0
2010-05-03,0.0
2010-05-04,0.0
2010-05-05,0.0
2010-05-06,0.0
2010-05-07,0.0
2010-05-10,0.0
2010-05-11,0.0
2010-05-12,0.0
2010-05-13,0.0
2010-05-14,0.0
2010-05-17,0.0
2010-05-18,0.0
2010-05-19,0.0
2010-05-20,0.0
2010-05-21,0.0
2010-05-24,0.0
2010-05-25,0.0
2010-05-26,0.0
2010-05-27,0.0
2010-05-28,0.0
2010-06-01,0.0
2010-06-02,0.0
2010-06-03,0.0
2010-06-04,0.0
2010-06-07,0.0
2010-06-08,0.0
2010-06-09,0.0
2010-06-10,0.0
2010-06-11,0.0
2010-06-14,0.0
2010-06-15,0.0
2010-06-16,0.0
2010-06-17,0.0
2010-06-18,0.0
2010-06-21,0.0
2010-06-22,0.0
2010-06-23,0.0
2010-06-24,0.0
2010-06-25,0.0
2010-06-28,0.0
2010-06-29,0.0
2010-06-30,0.0
2010-07-01,0.0
2010-07-02,0.0
2010-07-06,0.0
2010-07-07,0.0
2010-07-08,0.0
2010-07-09,0.0
2010-07-12,0.0
2010-07-13,0.0
2010-07-14,0.0
2010-07-15,0.0
2010-07-16,0.0
2010-07-19,0.0
2010-07-20,0.0
2010-07-21,0.0
2010-07-22,0.0
2010-07-23,0.0
2010-07-26,0.0
2010-07-27,0.0
2010-07-28,0.0010157231832450715
2010-07-29,0.003170400459608369
2010-07-30,-0.004225708120244015
2010-08-02,0.006841304144911138
2010-08-03,0.00123867920192904
2010-08-04,0.0013577817557439897
2010-08-05,0.0012368246671264403
2010-08-06,0.0011144091785807268
2010-08-09,0.0022354428866500353
2010-08-10,0.005238375795427992
2010-08-11,-0.00309733654399429
2010-08-12,-0.0008881228914752186
2010-08-13,-0.0031183434172377456
2010-08-16,-0.009464512079403945
2010-08-17,-0.0010642522859222415
2010-08-18,-0.004306773661651913
2010-08-19,-0.004101932627556787
2010-08-20,-0.0036744138443611228
2010-08-23,0.0033214902123032634
2010-08-24,-0.003045786092934392
2010-08-25,-0.002874465826837939
2010-08-26,-0.001
2010-08-27,0.0
2010-08-30,0.0
2010-08-31,0.0
2010-09-01,0.0
2010-09-02,0.0
2010-09-03,0.0
2010-09-07,0.0
2010-09-08,0.0
2010-09-09,0.0
2010-09-10,0.0
2010-09-13,0.0
2010-09-14,0.0
2010-09-15,0.0
2010-09-16,0.0
2010-09-17,0.0
2010-09-20,0.0
2010-09-21,0.0
2010-09-22,0.0
2010-09-23,0.0
2010-09-24,0.0
2010-09-27,0.0
2010-09-28,0.0
2010-09-29,0.0
2010-09-30,0.0
2010-10-01,0.0
2010-10-04,0.0
2010-10-05,0.0
2010-10-06,0.0
2010-10-07,0.0
2010-10-08,0.0
2010-10-11,0.0
2010-10-12,0.0
2010-10-13,0.0
2010-10-14,0.0
2010-10-15,0.0
2010-10-18,0.0
2010-10-19,0.0
2010-10-20,0.0
2010-10-21,0.0
2010-10-22,0.0
2010-10-25,0.0
2010-10-26,0.004634760032848945
2010-10-27,-2.45829939472395e-05
2010-10-28,0.009915033794345158
2010-10-29,-0.005071751616763375
2010-11-01,0.004456872683234349
2010-11-02,-0.008284264475929101
2010-11-03,0.026552710489136235
2010-11-04,0.0010078374036888178
2010-11-05,0.012054218793970024
2010-11-08,-0.006688573797924892
2010-11-09,0.008618482744077074
2010-11-10,0.0034368411164151687
2010-11-11,-0.0036741558151362564
2010-11-12,-0.004990431869868037
2010-11-15,0.0011255523143116138
2010-11-16,-0.0019170034784835202
2010-11-17,-0.010173318730972132
2010-11-18,-0.007909153568498108
2010-11-19,-0.007829120587071317
2010-11-22,0.0027746810137499957
2010-11-23,-0.0026105319185403437
2010-11-24,0.005667085237715623
2010-11-26,-0.008383493328994726
2010-11-29,-0.0029791433540076605
2010-11-30,-0.0025156507549646476
2010-12-01,-0.0006044894566901255
2010-12-02,0.005056381280200214
2010-12-03,0.008300618016160057
2010-12-06,-0.0028113559544708008
2010-12-07,0.0025816226313066922
2010-12-08,-0.0018177659515080404
2010-12-09,-0.007163589215430121
2010-12-10,0.0007426120135792525
2010-12-13,0.00010520155796385554
2010-12-14,0.004387030907776572
2010-12-15,0.009021029110100632
2010-12-16,-0.00534376897027743
2010-12-17,-0.007309065707231699
2010-12-20,0.0018270355143641993
2010-12-21,-0.00463510429899487
2010-12-22,0.0024649254680789686
2010-12-23,-0.0016693891917999527
2010-12-27,-0.0014812062772565726
2010-12-28,0.0034247329119747733
2010-12-29,-0.0032438964397951357
2010-12-30,0.0013737338767251723
2010-12-31,0.0003201128789936541
2011-01-03,-0.00020976417903684295
2011-01-04,-0.002130351417182589
2011-01-05,0.0020690888384811605
2011-01-06,-0.0017672340992668915
2011-01-07,-0.0050844694807016385
2011-01-10,0.00020859390459222562
2011-01-11,0.0013489482191372784
2011-01-12,0.0007783107282441921
2011-01-13,-0.003985970958436489
2011-01-14,0.0018330418270537476
2011-01-18,5.235343293284885e-05
2011-01-19,0.00010314486783243363
2011-01-20,0.0025640147043726907
2011-01-21,-0.0008421816912712453
2011-01-24,-0.00023717327291934357
2011-01-25,-0.0015750735751301403
2011-01-26,-0.001
2011-01-27,0.0
2011-01-28,0.0
2011-01-31,0.0
2011-02-01,0.0
2011-02-02,0.0
2011-02-03,0.0
2011-02-04,0.0
2011-02-07,0.0
2011-02-08,0.0
2011-02-09,0.0
2011-02-10,0.0
2011-02-11,0.0
2011-02-14,0.0
2011-02-15,0.0
2011-02-16,0.0
2011-02-17,0.0
2011-02-18,0.0
2011-02-22,0.0
2011-02-23,0.0
2011-02-24,0.0
2011-02-25,-0.001814622656227293
2011-02-28,0.00014351183264524125
2011-03-01,0.0010971931896874808
2011-03-02,-0.0015837052130952649
2011-03-03,0.004996799071809397
2011-03-04,-0.0011168591778114014
2011-03-07,-0.005469077875508622
2011-03-08,-0.0011422910198089177
2011-03-09,-0.0019808705016227538
2011-03-10,-0.009696576652888601
2011-03-11,0.006011249007623998
2011-03-14,-0.00452917240497672
2011-03-15,0.0042299872059271965
2011-03-16,-0.0059715881919272
2011-03-17,-3.5293928030275825e-05
2011-03-18,0.003237472648793554
2011-03-21,0.005011300843220047
2011-03-22,0.0014231535557241845
2011-03-23,0.0014865209690225647
2011-03-24,0.0027253072591304083
2011-03-25,0.002898988429390084
2011-03-28,-0.001
2011-03-29,0.0
2011-03-30,0.0
2011-03-31,0.0
2011-04-01,0.0
2011-04-04,0.0
2011-04-05,0.0
2011-04-06,0.0
2011-04-07,0.0
2011-04-08,0.0
2011-04-11,0.0
2011-04-12,0.0
2011-04-13,0.0
2011-04-14,0.0
2011-04-15,0.0
2011-04-18,0.0
2011-04-19,0.0
2011-04-20,0.0
2011-04-21,0.0
2011-04-25,0.0
2011-04-26,0.0
2011-04-27,0.0012422532954531888
2011-04-28,0.0002562498277754991
2011-04-29,0.0003004166567774876
2011-05-02,0.0001233456057330745
2011-05-03,-0.0005277560611687255
2011-05-04,-0.0007524065012418754
2011-05-05,-2.1760687365359057e-05
2011-05-06,0.0008554560676856779
2011-05-09,0.0005147996681254469
2011-05-10,-6.325584709093122e-05
2011-05-11,0.00040561821720785614
2011-05-12,0.0005283698550182854
2011-05-13,-0.0006025356699186098
2011-05-16,0.0002552977093052045
2011-05-17,-0.000712833668880781
2011-05-18,0.00036283461352689555
2011-05-19,0.0005119085603980155
2011-05-20,0.00046323186751370414
2011-05-23,-0.00030120002501627985
2011-05-24,-0.00012103298170412906
2011-05-25,0.0005728541171916597
2011-05-26,-0.0003
2011-05-27,0.0
2011-05-31,0.0
2011-06-01,0.0
2011-06-02,0.0
2011-06-03,0.0
2011-06-06,0.0
2011-06-07,0.0
2011-06-08,0.0
2011-06-09,0.0
2011-06-10,0.0
2011-06-13,0.0
2011-06-14,0.0
2011-06-15,0.0
2011-06-16,0.0
2011-06-17,0.0
2011-06-20,0.0
2011-06-21,0.0
2011-06-22,0.0
2011-06-23,0.0
2011-06-24,0.0
2011-06-27,0.0
2011-06-28,0.0
2011-06-29,0.0
2011-06-30,0.0
2011-07-01,0.0
2011-07-05,0.0
2011-07-06,0.0
2011-07-07,0.0
2011-07-08,0.0
2011-07-11,0.0
2011-07-12,0.0
2011-07-13,0.0
2011-07-14,0.0
2011-07-15,0.0
2011-07-18,0.0
2011-07-19,0.0
2011-07-20,0.0
2011-07-21,0.0
2011-07-22,0.0
2011-07-25,0.0
2011-07-26,0.0
2011-07-27,0.0
2011-07-28,0.0
2011-07-29,0.0
2011-08-01,0.0
2011-08-02,0.0
2011-08-03,0.0
2011-08-04,0.0
2011-08-05,0.0
2011-08-08,0.0
2011-08-09,0.0
2011-08-10,0.0
2011-08-11,0.0
2011-08-12,0.0
2011-08-15,0.0
2011-08-16,0.0
2011-08-17,0.0
2011-08-18,0.0
2011-08-19,0.0
2011-08-22,0.0
2011-08-23,0.0
2011-08-24,0.0
2011-08-25,0.0
2011-08-26,0.0
2011-08-29,0.0
2011-08-30,0.0
2011-08-31,0.0
2011-09-01,0.0
2011-09-02,0.0
2011-09-06,0.0
2011-09-07,0.0
2011-09-08,0.0
2011-09-09,0.0
2011-09-12,0.0
2011-09-13,0.0
2011-09-14,0.0
2011-09-15,0.0
2011-09-16,0.0
2011-09-19,0.0
2011-09-20,0.0
2011-09-21,0.0
2011-09-22,0.0
2011-09-23,0.0
2011-09-26,0.0
2011-09-27,0.0
2011-09-28,0.0
2011-09-29,0.0
2011-09-30,0.0
2011-10-03,0.0
2011-10-04,0.0
2011-10-05,0.0
2011-10-06,0.0
2011-10-07,0.0
2011-10-10,0.0
2011-10-11,0.0
2011-10-12,0.0
2011-10-13,0.0
2011-10-14,0.0
2011-10-17,0.0
2011-10-18,0.0
2011-10-19,0.0
2011-10-20,0.0
2011-10-21,0.0
2011-10-24,0.0
2011-10-25,-0.007998077657961393
2011-10-26,0.003993521360473586
2011-10-27,0.009720610147168842
2011-10-28,-0.002404014974828338
2011-10-31,-0.010132127182717526
2011-11-01,-0.012254489535281254
2011-11-02,0.005904972843532639
2011-11-03,0.005378149545690121
2011-11-04,-0.0011130875785918288
2011-11-07,-0.002759483170931271
2011-11-08,0.004783455154891841
2011-11-09,-0.0077023152491152965
2011-11-10,0.005575466196754298
2011-11-11,0.0016961943136659715
2011-11-14,-0.0047593541357271426
2011-11-15,-8.450748247864435e-05
2011-11-16,-0.003900856547428434
2011-11-17,-0.0022531757320134647
2011-11-18,-0.0003493576750106431
2011-11-21,-0.0026256223145651723
2011-11-22,-0.002576330790029702
2011-11-23,-0.001
2011-11-25,0.0
2011-11-28,0.0
2011-11-29,0.0
2011-11-30,0.0
2011-12-01,0.0
2011-12-02,0.0
2011-12-05,0.0
2011-12-06,0.0
2011-12-07,0.0
2011-12-08,0.0
2011-12-09,0.0
2011-12-12,0.0
2011-12-13,0.0
2011-12-14,0.0
2011-12-15,0.0
2011-12-16,0.0
2011-12-19,0.0
2011-12-20,0.0
2011-12-21,0.0
2011-12-22,0.0
2011-12-23,0.0
2011-12-27,0.0
2011-12-28,0.0
2011-12-29,0.0
2011-12-30,0.0
2012-01-03,0.0
2012-01-04,0.0
2012-01-05,0.0
2012-01-06,0.0
2012-01-09,0.0
2012-01-10,0.0
2012-01-11,0.0
2012-01-12,0.0
2012-01-13,0.0
2012-01-17,0.0
2012-01-18,0.0
2012-01-19,0.0
2012-01-20,0.0
2012-01-23,0.0
2012-01-24,0.0
2012-01-25,0.0
2012-01-26,0.0
2012-01-27,0.0
2012-01-30,0.0
2012-01-31,0.0
2012-02-01,0.0
2012-02-02,0.0
2012-02-03,0.0
2012-02-06,0.0
2012-02-07,0.0
2012-02-08,0.0
2012-02-09,0.0
2012-02-10,0.0
2012-02-13,0.0
2012-02-14,0.0
2012-02-15,0.0
2012-02-16,0.0
2012-02-17,0.0
2012-02-21,0.0
2012-02-22,0.0
2012-02-23,0.0
2012-02-24,0.0
2012-02-27,0.0
2012-02-28,0.0
2012-02-29,0.0
2012-03-01,0.0
2012-03-02,0.0
2012-03-05,0.0
2012-03-06,0.0
2012-03-07,0.0
2012-03-08,0.0
2012-03-09,0.0
2012-03-12,0.0
2012-03-13,0.0
2012-03-14,0.0
2012-03-15,0.0
2012-03-16,0.0
2012-03-19,0.0
2012-03-20,0.0
2012-03-21,0.0
2012-03-22,0.0
2012-03-23,0.0
2012-03-26,0.0
2012-03-27,0.0
2012-03-28,0.0
2012-03-29,0.0
2012-03-30,0.0
2012-04-02,0.0
2012-04-03,0.0
2012-04-04,0.0
2012-04-05,0.0
2012-04-09,0.0
2012-04-10,0.0
2012-04-11,0.0
2012-04-12,0.0
2012-04-13,0.0
2012-04-16,0.0
2012-04-17,0.0
2012-04-18,0.0
2012-04-19,0.0
2012-04-20,0.0
2012-04-23,0.0
2012-04-24,0.0
2012-04-25,0.0
2012-04-26,0.0
2012-04-27,0.0
2012-04-30,0.0
2012-05-01,0.0
2012-05-02,0.0
2012-05-03,0.0
2012-05-04,0.0
2012-05-07,0.0
2012-05-08,0.0
2012-05-09,0.0
2012-05-10,0.0
2012-05-11,0.0
2012-05-14,0.0
2012-05-15,0.0
2012-05-16,0.0
2012-05-17,0.0
2012-05-18,0.0
2012-05-21,0.0
2012-05-22,0.0
2012-05-23,0.0
2012-05-24,0.0
2012-05-25,0.0
2012-05-29,0.0
2012-05-30,0.0
2012-05-31,0.0
2012-06-01,0.0
2012-06-04,0.0
2012-06-05,0.0
2012-06-06,0.0
2012-06-07,0.0
2012-06-08,0.0
2012-06-11,0.0
2012-06-12,0.0
2012-06-13,0.0
2012-06-14,0.0
2012-06-15,0.0
2012-06-18,0.0
2012-06-19,0.0
2012-06-20,0.0
2012-06-21,0.0
2012-06-22,0.0
2012-06-25,0.0
2012-06-26,0.0
2012-06-27,0.0
2012-06-28,0.0
2012-06-29,0.0
2012-07-02,0.0
2012-07-03,0.0
2012-07-05,0.0
2012-07-06,0.0
2012-07-09,0.0
2012-07-10,0.0
2012-07-11,0.0
2012-07-12,0.0
2012-07-13,0.0
2012-07-16,0.0
2012-07-17,0.0
2012-07-18,0.0
2012-07-19,0.0
2012-07-20,0.0
2012-07-23,0.0
2012-07-24,0.0
2012-07-25,0.0
2012-07-26,0.0
2012-07-27,0.0
2012-07-30,0.0
2012-07-31,0.0
2012-08-01,0.0
2012-08-02,0.0
2012-08-03,0.0
2012-08-06,0.0
2012-08-07,0.0
2012-08-08,0.0
2012-08-09,0.0
2012-08-10,0.0
2012-08-13,0.0
2012-08-14,0.0
2012-08-15,0.0
2012-08-16,0.0
2012-08-17,0.0
2012-08-20,0.0
2012-08-21,0.0
2012-08-22,0.0
2012-08-23,0.0
2012-08-24,0.0
2012-08-27,0.0
2012-08-28,0.0
2012-08-29,0.0
2012-08-30,0.0
2012-08-31,0.0
2012-09-04,0.0
2012-09-05,0.0
2012-09-06,0.0
2012-09-07,0.0
2012-09-10,0.0
2012-09-11,0.0
2012-09-12,0.0
2012-09-13,0.0
2012-09-14,0.0
2012-09-17,0.0
2012-09-18,0.0
2012-09-19,0.0
2012-09-20,0.0
2012-09-21,0.0
2012-09-24,0.0
2012-09-25,0.0
2012-09-26,0.0
2012-09-27,0.0
2012-09-28,0.0
2012-10-01,0.0
2012-10-02,0.0
2012-10-03,0.0
2012-10-04,0.0
2012-10-05,0.0
2012-10-08,0.0
2012-10-09,0.0
2012-10-10,0.0
2012-10-11,0.0
2012-10-12,0.0
2012-10-15,0.0
2012-10-16,0.0
2012-10-17,0.0
2012-10-18,0.0
2012-10-19,0.0
2012-10-22,0.0
2012-10-23,0.0
2012-10-24,0.0
2012-10-25,0.0
2012-10-26,0.0
2012-10-31,0.0
2012-11-01,0.0
2012-11-02,0.0
2012-11-05,0.0
2012-11-06,0.0
2012-11-07,0.0
2012-11-08,0.0
2012-11-09,0.0
2012-11-12,0.0
2012-11-13,0.0
2012-11-14,0.0
2012-11-15,0.0
2012-11-16,0.0
2012-11-19,0.0
2012-11-20,0.0
2012-11-21,0.0
2012-11-23,0.0
2012-11-26,0.0
2012-11-27,0.0
2012-11-28,0.0
2012-11-29,0.0
2012-11-30,0.0
2012-12-03,0.0
2012-12-04,0.0
2012-12-05,0.0
2012-12-06,0.0
2012-12-07,0.0
2012-12-10,0.0
2012-12-11,0.0
2012-12-12,0.0
2012-12-13,0.0
2012-12-14,0.0
2012-12-17,0.0
2012-12-18,0.0
2012-12-19,0.0
2012-12-20,0.0
2012-12-21,0.0
2012-12-24,0.0
2012-12-26,0.0
2012-12-27,0.0
2012-12-28,0.0
2012-12-31,0.0
2013-01-02,0.0
2013-01-03,0.0
2013-01-04,0.0
2013-01-07,0.0
2013-01-08,0.0
2013-01-09,0.0
2013-01-10,0.0
2013-01-11,0.0
2013-01-14,0.0
2013-01-15,0.0
2013-01-16,0.0
2013-01-17,0.0
2013-01-18,0.0
2013-01-22,0.0
2013-01-23,0.0
2013-01-24,0.0
2013-01-25,0.0
2013-01-28,0.0
2013-01-29,0.00025667219911343093
2013-01-30,0.0023492443292771224
2013-01-31,-0.0022624495234691154
2013-02-01,0.0026648454546335473
2013-02-04,0.0014191477794525333
2013-02-05,-0.0007144285743718172
2013-02-06,-6.330133716940276e-05
2013-02-07,0.002855056588128425
2013-02-08,-0.0016151344191562402
2013-02-11,-0.0013455032092825887
2013-02-12,3.809947417960616e-05
2013-02-13,-0.0005281229770911971
2013-02-14,0.001370800163255989
2013-02-15,0.0004312077446529659
2013-02-19,0.0008040155519752513
2013-02-20,0.0021124075332611012
2013-02-21,-0.0009331415605449297
2013-02-22,0.00207064388195585
2013-02-25,-9.66074087448843e-05
2013-02-26,0.000590316865034879
2013-02-27,0.0013919567171269136
2013-02-28,-0.0007311660992102826
2013-03-01,0.0002515144835472948
2013-03-04,-0.0004248882364266829
2013-03-05,-3.160379426251527e-05
2013-03-06,-0.00039761342444827563
2013-03-07,-0.0004799188201868817
2013-03-08,-0.0009907719138368182
2013-03-11,0.0001497726484685351
2013-03-12,0.00031992277250857386
2013-03-13,-5.398533484786482e-05
2013-03-14,0.0001379653080463346
2013-03-15,0.0004165038488419932
2013-03-18,0.00045288260066891125
2013-03-19,0.0006135297108633023
2013-03-20,-0.0005755300854733511
2013-03-21,0.0003496068007468742
2013-03-22,0.00021758002852507443
2013-03-25,0.00022200127294886345
2013-03-26,8.508674165507112e-05
2013-03-27,0.0006659676611689525
2013-03-28,-0.00035197684842107097
2013-04-01,0.0004623991072973152
2013-04-02,-3.74144540503108e-05
2013-04-03,0.0004899565997406871
2013-04-04,0.0005966849547288765
2013-04-05,0.004248774502314681
2013-04-08,-0.0002718289998927902
2013-04-09,-0.0010446862093257082
2013-04-10,-0.0014897497940840206
2013-04-11,-0.00014398983058291247
2013-04-12,0.0010497543165306892
2013-04-15,0.0012463080733159878
2013-04-16,-0.0007061103117349013
2013-04-17,0.0008806718142097118
2013-04-18,0.0004503525157553011
2013-04-19,-0.0002597739580214607
2013-04-22,-0.0002162294065050659
2013-04-23,-0.0006321920655408477
2013-04-24,0.00045721593959104946
2013-04-25,-0.0006307553570879224
2013-04-26,0.0004789509313737338
2013-04-29,-0.0009981762414302208
2013-04-30,-0.0005406979667118984
2013-05-01,-0.0004145143210510288
2013-05-02,0.0002566885492239887
2013-05-03,0.0006990939208508003
2013-05-06,0.0002456906470265771
2013-05-07,0.00016543547237242613
2013-05-08,-0.0002387897955079575
2013-05-09,-0.00021413112740408002
2013-05-10,0.0009132422317047891
2013-05-13,-0.00015496123922314507
2013-05-14,0.00047953629917651117
2013-05-15,-0.00012670793875094562
2013-05-16,-0.0007532933611484154
2013-05-17,0.0006677338319361182
2013-05-20,0.0007159200645668495
2013-05-21,-0.0007457024298133638
2013-05-22,0.0012217169558890416
2013-05-23,0.00014689806675567828
2013-05-24,-0.0001398148448565001
2013-05-28,0.0025798165725800085
2013-05-29,-0.0016317434461880268
2013-05-30,0.0016998480765868349
2013-05-31,-0.0010020098404617003
2013-06-03,-0.0016721694255480285
2013-06-04,0.006235127629205925
2013-06-05,-0.008570154290443997
2013-06-06,0.0014398062227855694
2013-06-07,0.008891938288731343
2013-06-10,-0.0011840551087112796
2013-06-11,-0.006725100674944337
2013-06-12,0.00920414444415738
2013-06-13,-0.008010706565762872
2013-06-14,0.005137333735123075
2013-06-17,0.0023954949610751394
2013-06-18,-0.001342788509997411
2013-06-19,-0.007850368889074234
2013-06-20,0.009496088043571875
2013-06-21,-0.005975915693757648
2013-06-24,0.0020265414379309213
2013-06-25,0.006164935099076328
2013-06-26,-0.0007315044754019366
2013-06-27,-0.004218413601736325
2013-06-28,-0.006016450345956884
2013-07-01,-0.000536939370290613
2013-07-02,0.0014869604203546231
2013-07-03,-4.38342262653002e-05
2013-07-05,0.004902991650967684
2013-07-08,0.0012754715127497125
2013-07-09,0.0006884806175998714
2013-07-10,-0.005286734827520957
2013-07-11,0.011630264879172632
2013-07-12,0.00016041677945617037
2013-07-15,-0.0010385939093051854
2013-07-16,-0.002058053949611046
2013-07-17,0.00433979788869106
2013-07-18,0.004172047596258771
2013-07-19,-0.0071721511962501774
2013-07-22,0.00014921066974668795
2013-07-23,0.0017189211579927755
2013-07-24,0.00253023111009205
2013-07-25,0.002244332090860047
2013-07-26,-0.003970831481353009
2013-07-29,0.003866856937832007
2013-07-30,-0.0010332604538430894
2013-07-31,-0.001597319860370695
2013-08-01,-0.008350115218778067
2013-08-02,0.011022879379349294
2013-08-05,0.0015832063715946233
2013-08-06,-0.0007786172482171938
2013-08-07,4.393250364805024e-05
2013-08-08,0.0002764246819140513
2013-08-09,0.0003519935716128334
2013-08-12,0.0012923560839706004
2013-08-13,-0.002928484251979251
2013-08-14,0.00014163560453603973
2013-08-15,0.0017985599012615915
2013-08-16,-0.003862711770224636
2013-08-19,0.0004481510514165808
2013-08-20,0.0014365188968443058
2013-08-21,-0.0010970046382011436
2013-08-22,-0.005914833433284237
2013-08-23,0.0007612398177124193
2013-08-26,0.0004030770234116157
2013-08-27,-0.0007285334533177943
2013-08-28,0.0012946469740988938
2013-08-29,-0.006878426349947081
2013-08-30,-0.0014572755239743562
2013-09-03,0.004063107494628778
2013-09-04,-0.002661843287691674
2013-09-05,0.0039490103955881276
2013-09-06,0.002312625137350244
2013-09-09,0.004026283460346773
2013-09-10,0.006071178521815521
2013-09-11,-0.005927487976238264
2013-09-12,0.001997002859736293
2013-09-13,-0.0017094478374811047
2013-09-16,0.010289122413067196
2013-09-17,-0.005245402042717207
2013-09-18,0.006523314016435743
2013-09-19,0.00136663461539614
2013-09-20,-0.0017438117619212586
2013-09-23,-0.003521504942142499
2013-09-24,-0.00596038521601556
2013-09-25,4.8312871863614624e-05
2013-09-26,0.005818171476522281
2013-09-27,-0.001776877576661809
2013-09-30,-0.0009704943522316947
2013-10-01,0.0008194548080902324
2013-10-02,-0.000911270995679339
2013-10-03,-0.0010715333080149796
2013-10-04,0.0013164284145638677
2013-10-07,0.0005372602262465013
2013-10-08,0.000867653195417066
2013-10-09,-0.0013394461593970615
2013-10-10,0.0007136592884089007
2013-10-11,-0.0011915089559974812
2013-10-14,-0.0003754540976147469
2013-10-15,2.277630940600341e-05
2013-10-16,0.0004378093661247881
2013-10-17,0.00036211495825505676
2013-10-18,-0.00033997875139954686
2013-10-21,-0.00026979261615215597
2013-10-22,-0.0003747448624402459
2013-10-23,0.0006132032072774785
2013-10-24,-0.0004551008903711568
2013-10-25,3.684556665094126e-05
2013-10-28,-0.00039869096357618157
2013-10-29,-0.0003667852080096195
2013-10-30,0.00015084754740482374
2013-10-31,0.0006761416755615149
2013-11-01,0.0007060694533126114
2013-11-04,-0.0005914352015357852
2013-11-05,-4.935539878510504e-05
2013-11-06,-0.0011715537201229134
2013-11-07,0.0002779773647065587
2013-11-08,0.0006609632557210655
2013-11-11,-0.00024158807116614675
2013-11-12,0.0010002473733108268
2013-11-13,-0.0011899433387125538
2013-11-14,-0.0009343731078765203
2013-11-15,0.0005548047287629203
2013-11-18,-0.00031844137826107083
2013-11-19,0.00024574940525798935
2013-11-20,-0.0005146973379470469
2013-11-21,6.823492930961926e-05
2013-11-22,0.00021631718019064685
2013-11-25,5.165572586226557e-05
2013-11-26,-0.0003
2013-11-27,0.0
2013-11-29,0.0
2013-12-02,0.0
2013-12-03,0.0
2013-12-04,0.0
2013-12-05,0.0
2013-12-06,0.0
2013-12-09,0.0
2013-12-10,0.0
2013-12-11,0.0
2013-12-12,0.0
2013-12-13,0.0
2013-12-16,0.0
2013-12-17,0.0
2013-12-18,0.0
2013-12-19,0.0
2013-12-20,0.0
2013-12-23,0.0
2013-12-24,0.0
2013-12-26,0.0
2013-12-27,0.001840802739266682
2013-12-30,-0.00402271638477827
2013-12-31,0.0027800496615040904
2014-01-02,0.0005007245164298623
2014-01-03,-0.0012633542630365163
2014-01-06,-0.001044229026629102
2014-01-07,4.864998116591349e-05
2014-01-08,-0.007137374637125521
2014-01-09,-0.003617742366688919
2014-01-10,0.0006593984041363393
2014-01-13,-0.0014957691781354926
2014-01-14,-0.0017201729643868597
2014-01-15,-4.8741996453313674e-05
2014-01-16,-0.005069339287981246
2014-01-17,-0.0015813187890174288
2014-01-21,-0.003427925082177313
2014-01-22,-0.0025363479308244466
2014-01-23,-0.008421879750237556
2014-01-24,-0.0029802786133104955
2014-01-27,0.00912316869179736
2014-01-28,0.0005564954439216829
2014-01-29,-0.001
2014-01-30,0.0
2014-01-31,0.0
2014-02-03,0.0
2014-02-04,0.0
2014-02-05,0.0
2014-02-06,0.0
2014-02-07,0.0
2014-02-10,0.0
2014-02-11,0.0
2014-02-12,0.0
2014-02-13,0.0
2014-02-14,0.0
2014-02-18,0.0
2014-02-19,0.0
2014-02-20,0.0
2014-02-21,0.0
2014-02-24,0.0
2014-02-25,0.0
2014-02-26,0.0
2014-02-27,0.0
2014-02-28,0.0
2014-03-03,0.0
2014-03-04,0.0
2014-03-05,0.0
2014-03-06,0.0
2014-03-07,0.0
2014-03-10,0.0
2014-03-11,0.0
2014-03-12,0.0
2014-03-13,0.0
2014-03-14,0.0
2014-03-17,0.0
2014-03-18,0.0
2014-03-19,0.0
2014-03-20,0.0
2014-03-21,0.0
2014-03-24,0.0
2014-03-25,0.0
2014-03-26,0.0
2014-03-27,0.0
2014-03-28,0.0
2014-03-31,0.0
2014-04-01,0.0
2014-04-02,0.0
2014-04-03,0.0
2014-04-04,0.0
2014-04-07,0.0
2014-04-08,0.0
2014-04-09,0.0
2014-04-10,0.0
2014-04-11,0.0
2014-04-14,0.0
2014-04-15,0.0
2014-04-16,0.0
2014-04-17,0.0
2014-04-21,0.0
2014-04-22,0.0
2014-04-23,0.0
2014-04-24,0.0
2014-04-25,0.0
2014-04-28,0.0
2014-04-29,0.0
2014-04-30,-0.0010831421616422554
2014-05-01,0.0014182224599519535
2014-05-02,0.001195783252496171
2014-05-05,-0.0009610505371578908
2014-05-06,0.0005431902210857366
2014-05-07,-0.0013676708713065452
2014-05-08,-0.0016559572872680071
2014-05-09,-0.0005556403616062894
2014-05-12,0.00024852948004760366
2014-05-13,0.00022767492379280595
2014-05-14,0.00027370556996369913
2014-05-15,0.0002810721484973211
2014-05-16,0.0001577244204810619
2014-05-19,-0.0013210572031752943
2014-05-20,-0.0007922459290210425
2014-05-21,-0.0006293407762897572
2014-05-22,0.00040481854934291603
2014-05-23,0.0003145318082770492
2014-05-27,0.000829188032167452
2014-05-28,0.00043733220814703945
2014-05-29,-0.00047536171823399267
2014-05-30,-0.00030000000000000003
2014-06-02,0.0
2014-06-03,0.0
2014-06-04,0.0
2014-06-05,0.0
2014-06-06,0.0
2014-06-09,0.0
2014-06-10,0.0
2014-06-11,0.0
2014-06-12,0.0
2014-06-13,0.0
2014-06-16,0.0
2014-06-17,0.0
2014-06-18,0.0
2014-06-19,0.0
2014-06-20,0.0
2014-06-23,0.0
2014-06-24,0.0
2014-06-25,0.0
2014-06-26,0.0
2014-06-27,0.0
2014-06-30,0.0
2014-07-01,0.0
2014-07-02,0.0
2014-07-03,0.0
2014-07-07,0.0
2014-07-08,0.0
2014-07-09,0.0
2014-07-10,0.0
2014-07-11,0.0
2014-07-14,0.0
2014-07-15,0.0
2014-07-16,0.0
2014-07-17,0.0
2014-07-18,0.0
2014-07-21,0.0
2014-07-22,0.0
2014-07-23,0.0
2014-07-24,0.0
2014-07-25,0.0
2014-07-28,0.0
2014-07-29,0.0
2014-07-30,-0.003273790874902276
2014-07-31,-0.0013691667630453038
2014-08-01,-0.0009687640865936788
2014-08-04,-0.0006451812413155427
2014-08-05,0.0007281633054232124
2014-08-06,-9.72824690351469e-05
2014-08-07,0.0013096869098406386
2014-08-08,0.0005450256629139282
2014-08-11,-0.00039525586435746235
2014-08-12,-0.0012197832840828333
2014-08-13,0.0003936900585433049
2014-08-14,0.001186903741786179
2014-08-15,0.002532012391345536
2014-08-18,-0.0019546298935163783
2014-08-19,-0.000774248198727431
2014-08-20,0.0013019420162653978
2014-08-21,0.0013055235183091918
2014-08-22,0.001583223137053231
2014-08-25,0.0016708302772386351
2014-08-26,-0.001489375451349961
2014-08-27,0.0014022384748072212
2014-08-28,-0.0006214451944328997
2014-08-29,-0.0003024104852163695
2014-09-02,-0.0004933188569102766
2014-09-03,0.00017897411341273942
2014-09-04,-0.0006432290313460524
2014-09-05,-0.00036006971399929445
2014-09-08,0.0003989638204640017
2014-09-09,0.0002427487732592548
2014-09-10,-0.00045614522825363846
2014-09-11,-0.00030459460396897926
2014-09-12,-0.0005798195739406591
2014-09-15,-0.00010715163890633726
2014-09-16,-0.0005894423667527408
2014-09-17,0.0004505298798002371
2014-09-18,0.00013773204960430515
2014-09-19,0.0008154055614885453
2014-09-22,-0.00033915897319208887
2014-09-23,0.00028502121691788436
2014-09-24,-0.00018189052920184815
2014-09-25,0.00029868966376000387
2014-09-26,0.00021351821944238394
2014-09-29,-0.0003
2014-09-30,0.0
2014-10-01,0.0
2014-10-02,0.0
2014-10-03,0.0
2014-10-06,0.0
2014-10-07,0.0
2014-10-08,0.0
2014-10-09,0.0
2014-10-10,0.0
2014-10-13,0.0
2014-10-14,0.0
2014-10-15,0.0
2014-10-16,0.0
2014-10-17,0.0
2014-10-20,0.0
2014-10-21,0.0
2014-10-22,0.0
2014-10-23,0.0
2014-10-24,0.0
2014-10-27,0.0
2014-10-28,0.0
2014-10-29,0.0
2014-10-30,0.0
2014-10-31,0.0
2014-11-03,0.0
2014-11-04,0.0
2014-11-05,0.0
2014-11-06,0.0
2014-11-07,0.0
2014-11-10,0.0
2014-11-11,0.0
2014-11-12,0.0
2014-11-13,0.0
2014-11-14,0.0
2014-11-17,0.0
2014-11-18,0.0
2014-11-19,0.0
2014-11-20,0.0
2014-11-21,0.0
2014-11-24,0.0
2014-11-25,0.0
2014-11-26,0.0
2014-11-28,0.0
2014-12-01,0.0
2014-12-02,0.0
2014-12-03,0.0
2014-12-04,0.0
2014-12-05,0.0
2014-12-08,0.0
2014-12-09,0.0
2014-12-10,0.0
2014-12-11,0.0
2014-12-12,0.0
2014-12-15,0.0
2014-12-16,0.0
2014-12-17,0.0
2014-12-18,0.0
2014-12-19,0.0
2014-12-22,0.0
2014-12-23,0.0
2014-12-24,0.0
2014-12-26,0.0
2014-12-29,0.0
2014-12-30,0.0
2014-12-31,0.0
2015-01-02,0.0
2015-01-05,0.0
2015-01-06,0.0
2015-01-07,0.0
2015-01-08,0.0
2015-01-09,0.0
2015-01-12,0.0
2015-01-13,0.0
2015-01-14,0.0
2015-01-15,0.0
2015-01-16,0.0
2015-01-20,0.0
2015-01-21,0.0
2015-01-22,0.0
2015-01-23,0.0
2015-01-26,0.0
2015-01-27,0.0
2015-01-28,0.0
2015-01-29,0.0
2015-01-30,0.0
2015-02-02,0.0
2015-02-03,0.0
2015-02-04,0.0
2015-02-05,0.0
2015-02-06,0.0
2015-02-09,0.0
2015-02-10,0.0
2015-02-11,0.0
2015-02-12,0.0
2015-02-13,0.0
2015-02-17,0.0
2015-02-18,0.0
2015-02-19,0.0
2015-02-20,0.0
2015-02-23,0.0
2015-02-24,0.0
2015-02-25,0.0
2015-02-26,0.0
2015-02-27,0.0
2015-03-02,0.0
2015-03-03,0.0
2015-03-04,0.0
2015-03-05,0.0
2015-03-06,0.0
2015-03-09,0.0
2015-03-10,0.0
2015-03-11,0.0
2015-03-12,0.0
2015-03-13,0.0
2015-03-16,0.0
2015-03-17,0.0
2015-03-18,0.0
2015-03-19,0.0
2015-03-20,0.0
2015-03-23,0.0
2015-03-24,0.0
2015-03-25,0.0
2015-03-26,0.0
2015-03-27,0.0
2015-03-30,0.0
2015-03-31,0.0
2015-04-01,0.0
2015-04-02,0.0
2015-04-06,0.0
2015-04-07,0.0
2015-04-08,0.0
2015-04-09,0.0
2015-04-10,0.0
2015-04-13,0.0
2015-04-14,0.0
2015-04-15,0.0
2015-04-16,0.0
2015-04-17,0.0
2015-04-20,0.0
2015-04-21,0.0
2015-04-22,0.0
2015-04-23,0.0
2015-04-24,0.0
2015-04-27,0.0
2015-04-28,0.0
2015-04-29,0.0
2015-04-30,0.0
2015-05-01,0.0
2015-05-04,0.0
2015-05-05,0.0
2015-05-06,0.0
2015-05-07,0.0
2015-05-08,0.0
2015-05-11,0.0
2015-05-12,0.0
2015-05-13,0.0
2015-05-14,0.0
2015-05-15,0.0
2015-05-18,0.0
2015-05-19,0.0
2015-05-20,0.0
2015-05-21,0.0
2015-05-22,0.0
2015-05-26,0.0
2015-05-27,0.0
2015-05-28,0.0
2015-05-29,0.0
2015-06-01,0.0
2015-06-02,0.0
2015-06-03,0.0
2015-06-04,0.0
2015-06-05,0.0
2015-06-08,0.0
2015-06-09,0.0
2015-06-10,0.0
2015-06-11,0.0
2015-06-12,0.0
2015-06-15,0.0
2015-06-16,0.0
2015-06-17,0.0
2015-06-18,0.0
2015-06-19,0.0
2015-06-22,0.0
2015-06-23,0.0
2015-06-24,0.0
2015-06-25,0.0
2015-06-26,0.0
2015-06-29,0.0
2015-06-30,0.001629600125197755
2015-07-01,0.0026173815683948978
2015-07-02,0.00168440855341195
2015-07-06,-0.0055166953205702295
2015-07-07,-0.00332517736813032
2015-07-08,-0.002427261824610366
2015-07-09,0.005646347956543845
2015-07-10,0.004396370004521289
2015-07-13,0.00035206449149404595
2015-07-14,-0.0005945188008890713
2015-07-15,-0.0027032511662845324
2015-07-16,-0.0025169509505571855
2015-07-17,-0.002114514801258048
2015-07-20,0.0005146324345586552
2015-07-21,-0.0021349828625299395
2015-07-22,-0.00236762494943649
2015-07-23,-0.003356171117100157
2015-07-24,-0.0002490907994553785
2015-07-27,-0.0011123611099875617
2015-07-28,0.002615896316056695
2015-07-29,0.0007956450492346602
2015-07-30,-0.0011066434306747969
2015-07-31,-0.00036612686577771816
2015-08-03,0.0022311173937485038
2015-08-04,-0.00127376194319721
2015-08-05,0.00011803829379763791
2015-08-06,0.00014240475596928736
2015-08-07,-0.00011055700217607898
2015-08-10,-0.0002876369938278735
2015-08-11,9.868470423053208e-06
2015-08-12,-0.0003938188205514311
2015-08-13,0.0004813134875610235
2015-08-14,0.00010302539438794069
2015-08-17,-0.00025190883473765846
2015-08-18,-8.009966637239267e-05
2015-08-19,0.0006932814029106778
2015-08-20,-0.000649250007899542
2015-08-21,2.1729650468968038e-05
2015-08-24,-0.0008490053241185192
2015-08-25,0.00015680334122179535
2015-08-26,-0.00030385628088522017
2015-08-27,3.2325949458235245e-05
2015-08-28,-0.0005015002023988314
2015-08-31,-0.0007944041246219662
2015-09-01,-0.0004001848595061771
2015-09-02,4.0344316439091556e-05
2015-09-03,-7.713211609910705e-05
2015-09-04,-7.453461364788407e-05
2015-09-08,-0.0005857844359190637
2015-09-09,0.0006984064058321832
2015-09-10,-2.992098508863104e-05
2015-09-11,5.117472653941592e-05
2015-09-14,-3.345061748181214e-05
2015-09-15,-6.64314172215644e-05
2015-09-16,-0.0004343965124421023
2015-09-17,-0.0007377392997439311
2015-09-18,0.0004364938948339505
2015-09-21,-0.00020271809892533248
2015-09-22,0.0002578704794534384
2015-09-23,0.0003379723251520862
2015-09-24,0.00048649270447333935
2015-09-25,-0.00021403229726719042
2015-09-28,0.00026468039970902347
2015-09-29,-3.5112037282461744e-05
2015-09-30,0.00048571707532534805
2015-10-01,-0.00042104218077387563
2015-10-02,0.0006164133432177812
2015-10-05,0.000163828444914637
2015-10-06,5.567590497641389e-05
2015-10-07,-0.00039407609533697143
2015-10-08,0.00010535620147548565
2015-10-09,-0.00036489097621469424
2015-10-12,0.0003301889420456838
2015-10-13,3.9059227872411925e-05
2015-10-14,0.0005205607061105717
2015-10-15,-0.0004736990124015762
2015-10-16,-0.0001487964303851798
2015-10-19,0.0001270515725596662
2015-10-20,-0.0001804117944632035
2015-10-21,-0.0004659576445869563
2015-10-22,0.00028039934092148383
2015-10-23,-0.00047187247668247276
2015-10-26,-4.7860702898669844e-05
2015-10-27,0.0002806732376275095
2015-10-28,-0.0003
2015-10-29,0.0
2015-10-30,0.0
2015-11-02,0.0
2015-11-03,0.0
2015-11-04,0.0
2015-11-05,0.0
2015-11-06,0.0
2015-11-09,0.0
2015-11-10,0.0
2015-11-11,0.0
2015-11-12,0.0
2015-11-13,0.0
2015-11-16,0.0
2015-11-17,0.0
2015-11-18,0.0
2015-11-19,0.0
2015-11-20,0.0
2015-11-23,0.0
2015-11-24,0.0
2015-11-25,0.0
2015-11-27,0.0
2015-11-30,0.0
2015-12-01,0.0
2015-12-02,0.0
2015-12-03,0.0
2015-12-04,0.0
2015-12-07,0.0
2015-12-08,0.0
2015-12-09,0.0
2015-12-10,0.0
2015-12-11,0.0
2015-12-14,0.0
2015-12-15,0.0
2015-12-16,0.0
2015-12-17,0.0
2015-12-18,0.0
2015-12-21,0.0
2015-12-22,0.0
2015-12-23,0.0
2015-12-24,0.0
2015-12-28,0.0
2015-12-29,0.0038986063099142234
2015-12-30,0.0008873390185779513
2015-12-31,0.0006799840631484929
2016-01-04,-0.002489956015772838
2016-01-05,0.003174238081378404
2016-01-06,-0.0024629199070666428
2016-01-07,0.001878452362112145
2016-01-08,0.0008567517771339355
2016-01-11,0.004198850272893616
2016-01-12,-0.005416255204144842
2016-01-13,-0.00210935644612832
2016-01-14,0.00563402206534586
2016-01-15,0.001127211106760094
2016-01-19,-0.006115876494693603
2016-01-20,-0.0020930181977831205
2016-01-21,0.002502304822050615
2016-01-22,-2.9330469368475122e-05
2016-01-25,-0.002043575888164631
2016-01-26,0.0010538206836517294
2016-01-27,0.0008612667565876927
2016-01-28,0.0014088366475374125
2016-01-29,-0.001958874103611962
2016-02-01,0.0006610999060316854
2016-02-02,0.00013232534741620196
2016-02-03,-0.0008227933917047775
2016-02-04,-0.00011665035023556986
2016-02-05,-0.0002795220151367519
2016-02-08,0.0004381053334120221
2016-02-09,5.4806696750089905e-05
2016-02-10,0.00013539781863657486
2016-02-11,-0.0003324699122483902
2016-02-12,0.0001859146203997611
2016-02-16,-0.0005509538385888453
2016-02-17,0.00021838547883142083
2016-02-18,0.00018213705552475897
2016-02-19,-9.748169259864999e-05
2016-02-22,0.0003932961720605816
2016-02-23,-0.00012423964773653683
2016-02-24,-0.00026776099021552684
2016-02-25,-0.0006345536882403464
2016-02-26,0.00017989710625328396
2016-02-29,0.00026258366909236077
2016-03-01,-0.0002999999999999999
2016-03-02,0.0
2016-03-03,0.0
2016-03-04,0.0
2016-03-07,0.0
2016-03-08,0.0
2016-03-09,0.0
2016-03-10,0.0
2016-03-11,0.0
2016-03-14,0.0
2016-03-15,0.0
2016-03-16,0.0
2016-03-17,0.0
2016-03-18,0.0
2016-03-21,0.0
2016-03-22,0.0
2016-03-23,0.0
2016-03-24,0.0
2016-03-28,0.0
2016-03-29,0.0
2016-03-30,0.0
2016-03-31,0.0
2016-04-01,0.0
2016-04-04,0.0
2016-04-05,0.0
2016-04-06,0.0
2016-04-07,0.0
2016-04-08,0.0
2016-04-11,0.0
2016-04-12,0.0
2016-04-13,0.0
2016-04-14,0.0
2016-04-15,0.0
2016-04-18,0.0
2016-04-19,0.0
2016-04-20,0.0
2016-04-21,0.0
2016-04-22,0.0
2016-04-25,0.0
2016-04-26,0.0
2016-04-27,0.0
2016-04-28,0.0
2016-04-29,0.0
2016-05-02,0.0
2016-05-03,0.0
2016-05-04,0.0
2016-05-05,0.0
2016-05-06,0.0
2016-05-09,0.0
2016-05-10,0.0
2016-05-11,0.0
2016-05-12,0.0
2016-05-13,0.0
2016-05-16,0.0
2016-05-17,0.0
2016-05-18,0.0
2016-05-19,0.0
2016-05-20,0.0
2016-05-23,0.0
2016-05-24,0.0
2016-05-25,0.0
2016-05-26,0.0
2016-05-27,0.0
2016-05-31,0.0
2016-06-01,0.0
2016-06-02,0.0
2016-06-03,0.0
2016-06-06,0.0
2016-06-07,0.0
2016-06-08,0.0
2016-06-09,0.0
2016-06-10,0.0
2016-06-13,0.0
2016-06-14,0.0
2016-06-15,0.0
2016-06-16,0.0
2016-06-17,0.0
2016-06-20,0.0
2016-06-21,0.0
2016-06-22,0.0
2016-06-23,0.0
2016-06-24,0.0
2016-06-27,0.0
2016-06-28,0.0
2016-06-29,0.0
2016-06-30,0.0
2016-07-01,0.0
2016-07-05,0.0
2016-07-06,0.0
2016-07-07,0.0
2016-07-08,0.0
2016-07-11,0.0
2016-07-12,0.0
2016-07-13,0.0
2016-07-14,0.0
2016-07-15,0.0
2016-07-18,0.0
2016-07-19,0.0
2016-07-20,0.0
2016-07-21,0.0
2016-07-22,0.0
2016-07-25,0.0
2016-07-26,0.0
2016-07-27,0.0
2016-07-28,0.0
2016-07-29,0.0
2016-08-01,0.0
2016-08-02,0.0
2016-08-03,0.0
2016-08-04,0.0
2016-08-05,0.0
2016-08-08,0.0
2016-08-09,0.0
2016-08-10,0.0
2016-08-11,0.0
2016-08-12,0.0
2016-08-15,0.0
2016-08-16,0.0
2016-08-17,0.0
2016-08-18,0.0
2016-08-19,0.0
2016-08-22,0.0
2016-08-23,0.0
2016-08-24,0.0
2016-08-25,0.0
2016-08-26,0.0
2016-08-29,0.0
2016-08-30,0.0
2016-08-31,0.0
2016-09-01,0.0
2016-09-02,0.0
2016-09-06,0.0
2016-09-07,0.0
2016-09-08,0.0
2016-09-09,0.0
2016-09-12,0.0
2016-09-13,0.0
2016-09-14,0.0
2016-09-15,0.0
2016-09-16,0.0
2016-09-19,0.0
2016-09-20,0.0
2016-09-21,0.0
2016-09-22,0.0
2016-09-23,0.0
2016-09-26,0.0
2016-09-27,0.0
2016-09-28,-0.00017052361813140178
2016-09-29,-0.0005098435856372031
2016-09-30,0.0027670978831965854
2016-10-03,-0.00032126140530055596
2016-10-04,0.00216184203806373
2016-10-05,0.0007007796758946265
2016-10-06,0.000647187928172069
2016-10-07,0.0008235914238435747
2016-10-10,0.0007669695132870026
2016-10-11,0.0007325655501052158
2016-10-12,-0.00022459110675605664
2016-10-13,-0.00029044691712129035
2016-10-14,0.003936196059471497
2016-10-17,-0.0010677915600751412
2016-10-18,-0.0003609981992106396
2016-10-19,-0.00011054634933616985
2016-10-20,-0.0009498412003589268
2016-10-21,-0.00023912310019997388
2016-10-24,0.0008577178331041722
2016-10-25,-0.0010900704929293868
2016-10-26,0.0017189366431356933
2016-10-27,0.0006879267860595865
2016-10-28,0.0017375132049373269
2016-10-31,-0.0036483139158684985
2016-11-01,-0.0013690177762058782
2016-11-02,0.0023492508729139857
2016-11-03,0.004779138733472405
2016-11-04,-0.0012668265447770824
2016-11-07,-0.001146078324349095
2016-11-08,-0.0033310985954296615
2016-11-09,0.0038317815452837195
2016-11-10,-0.00025360284351105366
2016-11-11,0.0008269392711544992
2016-11-14,-0.00624338569690586
2016-11-15,-0.003940919041791491
2016-11-16,-0.005277488836633006
2016-11-17,0.0030931352849095876
2016-11-18,-0.006430007341431874
2016-11-21,-0.00013207579333946026
2016-11-22,0.0020065942587516273
2016-11-23,-0.0033265702028507115
2016-11-25,-0.0032928732682625875
2016-11-28,-0.0004262642028069958
2016-11-29,-0.0018274428257431792
2016-11-30,0.0032996023452661373
2016-12-01,0.002696124474270876
2016-12-02,0.00016119197839001672
2016-12-05,5.910322041512985e-05
2016-12-06,0.001284795074770642
2016-12-07,-0.0015242302404869913
2016-12-08,0.0038025467511085096
2016-12-09,0.0019896769721884392
2016-12-12,-0.0007083240269443147
2016-12-13,-0.002329892912246755
2016-12-14,-0.002758295595378052
2016-12-15,-0.007811605730870273
2016-12-16,0.0032478829663302
2016-12-19,-0.0015985409950006347
2016-12-20,0.001053894327322365
2016-12-21,-0.0012620797421933408
2016-12-22,-0.0004127233144304566
2016-12-23,0.0005064430168937757
2016-12-27,9.484729405928556e-05
2016-12-28,-0.0004524072895563106
2016-12-29,0.001340917002791942
2016-12-30,0.0021212279720036874
2017-01-03,-0.002560067151380589
2017-01-04,-0.0015165768817187399
2017-01-05,-0.0033692660719928827
2017-01-06,0.0009225351468153213
2017-01-09,-0.001246778451210375
2017-01-10,0.0003911234957475774
2017-01-11,-0.0015602734733132877
2017-01-12,0.002571343264306421
2017-01-13,0.0001408284104712118
2017-01-17,-0.00014746591419895303
2017-01-18,-0.0002886732322039649
2017-01-19,0.00029477953033977205
2017-01-20,0.0023006877689557177
2017-01-23,6.04370942844992e-05
2017-01-24,-0.00039322269222308645
2017-01-25,0.0029383727910280264
2017-01-26,-0.0001811359797436418
2017-01-27,-0.0015097146362293278
2017-01-30,0.001688019601899848
2017-01-31,-0.0004574779477213387
2017-02-01,0.0019879798872487397
2017-02-02,0.00021270321648890982
2017-02-03,0.001983576468842645
2017-02-06,0.0020547307627678383
2017-02-07,-0.003266826424623672
2017-02-08,-0.00472498237042512
2017-02-09,0.0007330085128351459
2017-02-10,-0.000638746388611197
2017-02-13,0.00010699530216009626
2017-02-14,0.00018449280277397563
2017-02-15,0.0009300315872647657
2017-02-16,0.0019282197702856978
2017-02-17,-0.0008768923206111963
2017-02-21,0.0003726663840357381
2017-02-22,0.0010371458087855383
2017-02-23,0.001349642254584017
2017-02-24,-0.0017087049651371131
2017-02-27,-0.0006747576444599938
2017-02-28,-0.0034273623538079957
2017-03-01,0.001406529069208432
2017-03-02,-0.00047725927777292327
2017-03-03,-0.0005594881337050398
2017-03-06,0.003568380451795637
2017-03-07,0.00030991714226750544
2017-03-08,0.0005372663889563277
2017-03-09,0.0023599898923532354
2017-03-10,0.0002629583715099491
2017-03-13,0.002335742040905616
2017-03-14,-0.0011336763534656475
2017-03-15,0.00024762430352588726
2017-03-16,0.0003248080695663127
2017-03-17,-0.0018147615075611054
2017-03-20,0.0015697245390679537
2017-03-21,-0.00401022332270197
2017-03-22,-0.0012404588437913942
2017-03-23,0.0002999684398223234
2017-03-24,-0.0027016453419119197
2017-03-27,-0.0006468474435360981
2017-03-28,0.0007512470505518169
2017-03-29,-0.0007428695993694872
2017-03-30,0.00019748708707875652
2017-03-31,0.00012217598935780098
2017-04-03,-0.001262057215195661
2017-04-04,0.0015293866622389293
2017-04-05,0.0006716311569325694
2017-04-06,-0.00029891932141095083
2017-04-07,-0.0006772572307943142
2017-04-10,-0.0003179695072959965
2017-04-11,-0.00032928198713993236
2017-04-12,-2.476371128518954e-05
2017-04-13,0.0002744068248038534
2017-04-17,0.00030146347973341735
2017-04-18,-0.0006358140827933593
2017-04-19,5.411590231811631e-05
2017-04-20,0.00024149228530473974
2017-04-21,0.0004090741990478657
2017-04-24,0.00018894659793155486
2017-04-25,0.0007563400688989471
2017-04-26,-0.00010438630494906817
2017-04-27,0.0004709318795914578
2017-04-28,-0.0005734897550708743
2017-05-01,-0.00030000000000000003
2017-05-02,0.0
2017-05-03,0.0
2017-05-04,0.0
2017-05-05,0.0
2017-05-08,0.0
2017-05-09,0.0
2017-05-10,0.0
2017-05-11,0.0
2017-05-12,0.0
2017-05-15,0.0
2017-05-16,0.0
2017-05-17,0.0
2017-05-18,0.0
2017-05-19,0.0
2017-05-22,0.0
2017-05-23,0.0
2017-05-24,0.0
2017-05-25,0.0
2017-05-26,0.0
2017-05-30,0.0
2017-05-31,0.0
2017-06-01,0.0
2017-06-02,0.0
2017-06-05,0.0
2017-06-06,0.0
2017-06-07,0.0
2017-06-08,0.0
2017-06-09,0.0
2017-06-12,0.0
2017-06-13,0.0
2017-06-14,0.0
2017-06-15,0.0
2017-06-16,0.0
2017-06-19,0.0
2017-06-20,0.0
2017-06-21,0.0
2017-06-22,0.0
2017-06-23,0.0
2017-06-26,0.0
2017-06-27,0.0
2017-06-28,0.0
2017-06-29,0.0
2017-06-30,0.0
2017-07-03,0.0
2017-07-05,0.0
2017-07-06,0.0
2017-07-07,0.0
2017-07-10,0.0
2017-07-11,0.0
2017-07-12,0.0
2017-07-13,0.0
2017-07-14,0.0
2017-07-17,0.0
2017-07-18,0.0
2017-07-19,0.0
2017-07-20,0.0
2017-07-21,0.0
2017-07-24,0.0
2017-07-25,0.0
2017-07-26,0.0
2017-07-27,0.0
2017-07-28,0.0
2017-07-31,0.0
2017-08-01,0.0
2017-08-02,0.0
2017-08-03,0.0
2017-08-04,0.0
2017-08-07,0.0
2017-08-08,0.0
2017-08-09,0.0
2017-08-10,0.0
2017-08-11,0.0
2017-08-14,0.0
2017-08-15,0.0
2017-08-16,0.0
2017-08-17,0.0
2017-08-18,0.0
2017-08-21,0.0
2017-08-22,0.0
2017-08-23,0.0
2017-08-24,0.0
2017-08-25,0.0
2017-08-28,0.0
2017-08-29,0.0
2017-08-30,0.0
2017-08-31,0.0
2017-09-01,0.0
2017-09-05,0.0
2017-09-06,0.0
2017-09-07,0.0
2017-09-08,0.0
2017-09-11,0.0
2017-09-12,0.0
2017-09-13,0.0
2017-09-14,0.0
2017-09-15,0.0
2017-09-18,0.0
2017-09-19,0.0
2017-09-20,0.0
2017-09-21,0.0
2017-09-22,0.0
2017-09-25,0.0
2017-09-26,0.0
2017-09-27,0.0
2017-09-28,0.0
2017-09-29,0.0
2017-10-02,0.0
2017-10-03,0.0
2017-10-04,0.0
2017-10-05,0.0
2017-10-06,0.0
2017-10-09,0.0
2017-10-10,0.0
2017-10-11,0.0
2017-10-12,0.0
2017-10-13,0.0
2017-10-16,0.0
2017-10-17,0.0
2017-10-18,0.0
2017-10-19,0.0
2017-10-20,0.0
2017-10-23,0.0
2017-10-24,0.0
2017-10-25,0.0
2017-10-26,0.0
2017-10-27,0.0
2017-10-30,0.0
2017-10-31,0.0
2017-11-01,0.0
2017-11-02,0.0
2017-11-03,0.0
2017-11-06,0.0
2017-11-07,0.0
2017-11-08,0.0
2017-11-09,0.0
2017-11-10,0.0
2017-11-13,0.0
2017-11-14,0.0
2017-11-15,0.0
2017-11-16,0.0
2017-11-17,0.0
2017-11-20,0.0
2017-11-21,0.0
2017-11-22,0.0
2017-11-24,0.0
2017-11-27,0.0
2017-11-28,-0.0004673754874900192
2017-11-29,-0.002010197070402467
2017-11-30,0.0012771384378234415
2017-12-01,0.00566136345931383
2017-12-04,0.001777515767194707
2017-12-05,0.0022340709416605103
2017-12-06,-0.0005221018828169674
2017-12-07,-0.002657487389706276
2017-12-08,0.0001833279542280205
2017-12-11,0.0004731758400065145
2017-12-12,0.000365913898352861
2017-12-13,-0.0010372094559505764
2017-12-14,0.0032385876230078825
2017-12-15,0.003003599709493107
2017-12-18,-0.003335503796055956
2017-12-19,-0.002315585552643669
2017-12-20,-0.003919862278357412
2017-12-21,0.0049573216938922395
2017-12-22,0.0009226998691354185
2017-12-26,0.0013944317525884297
2017-12-27,0.0024630635634628937
2017-12-28,-0.00010121076623400356
2017-12-29,-0.0008969940084520714
2018-01-02,-0.003268085851331679
2018-01-03,0.0022590024399617393
2018-01-04,0.0019166945753804855
2018-01-05,-0.0006884936117517017
2018-01-08,-0.00012413109210342358
2018-01-09,-0.00361967220976362
2018-01-10,-0.0013419476001468012
2018-01-11,0.0025483839045378457
2018-01-12,0.0020679814942194284
2018-01-16,0.002647319840161772
2018-01-17,0.0022119404486671207
2018-01-18,-0.00294292838415826
2018-01-19,-0.0015134588483705436
2018-01-22,0.001997396920453432
2018-01-23,-0.001450370977850834
2018-01-24,-0.0012251073123225958
2018-01-25,0.003652828593508744
2018-01-26,0.0020893194635371796
2018-01-29,-0.0014775591129892042
2018-01-30,-0.001975224426378489
2018-01-31,0.004367575163482187
2018-02-01,-0.002007384460688279
2018-02-02,-0.0005670258689139747
2018-02-05,-0.0071290332334512235
2018-02-06,0.0029135024387602856
2018-02-07,-0.0021936142773237494
2018-02-08,-0.0026791209399803988
2018-02-09,-0.0029110799180945114
2018-02-12,0.004363612004069381
2018-02-13,0.000695335617525325
2018-02-14,0.0025382834596382403
2018-02-15,0.0022525920493330154
2018-02-16,0.0001934822587576006
2018-02-20,-0.0014531772095547557
2018-02-21,-0.004589348892386538
2018-02-22,-0.0002528106198474571
2018-02-23,0.0006637112497813557
2018-02-26,-0.0016823933272683464
2018-02-27,0.004442014735608131
2018-02-28,0.001135547734654845
2018-03-01,-0.0018843236610932932
2018-03-02,0.0004621287134356828
2018-03-05,8.675888506107976e-05
2018-03-06,0.0009701314703569068
2018-03-07,-0.0008300801140144099
2018-03-08,0.0006537925786324674
2018-03-09,-0.0012471687161312993
2018-03-12,0.0003161713100148928
2018-03-13,0.0009837952784786678
2018-03-14,0.003145106345478356
2018-03-15,0.0007267625229674034
2018-03-16,-0.0006351819597721993
2018-03-19,-0.0006604785777210842
2018-03-20,0.0005834440109155936
2018-03-21,-0.000387221608489056
2018-03-22,0.00022973842083171136
2018-03-23,-0.003104629257210876
2018-03-26,0.001965055436108802
2018-03-27,-0.001986616267316184
2018-03-28,0.002500394234811534
2018-03-29,7.809629865280877e-05
2018-04-02,-0.0003699947675156589
2018-04-03,-0.00020323842422367622
2018-04-04,9.918809104326817e-05
2018-04-05,-0.0007259601430224477
2018-04-06,0.00024243039738316624
2018-04-09,0.00031722485416369475
2018-04-10,0.0004577501058131879
2018-04-11,0.00038885565860424895
2018-04-12,1.9459022714608346e-05
2018-04-13,0.0003641638878261992
2018-04-16,0.0002431905797199064
2018-04-17,0.0003323525054155751
2018-04-18,0.00012814922223804764
2018-04-19,-0.0007249769280325169
2018-04-20,-0.00012975842895250768
2018-04-23,0.00039335277063290745
2018-04-24,-0.0006183668953184066
2018-04-25,-0.0006123601957617496
2018-04-26,0.00036526689568581853
2018-04-27,0.0007607121827315629
2018-04-30,0.00018431236656477637
2018-05-01,-8.233152528514995e-05
2018-05-02,-0.0008153233307695993
2018-05-03,-0.0012188577985698173
2018-05-04,0.0009981359761752557
2018-05-07,-0.000402623312767273
2018-05-08,0.00260700238805235
2018-05-09,-0.00043367120304603317
2018-05-10,0.002165556741581764
2018-05-11,0.00168033243561434
2018-05-14,0.00037697185246998634
2018-05-15,0.0014274408238531995
2018-05-16,0.001012647279354142
2018-05-17,-0.002345850820792387
2018-05-18,-0.0006543662257528105
2018-05-21,-0.0010282087769332465
2018-05-22,-0.00037435755679477106
2018-05-23,-0.002883931685185182
2018-05-24,0.0015417561318246753
2018-05-25,-0.002048749993847289
2018-05-29,-0.0024577091979662326
2018-05-30,0.002327474169379026
2018-05-31,-0.0011777350375743705
2018-06-01,0.0015610229097335793
2018-06-04,0.00017331747432348127
2018-06-05,-0.0006077612833600714
2018-06-06,-0.0002053166350970633
2018-06-07,5.4850992249751376e-05
2018-06-08,-2.5047983939218716e-05
2018-06-11,0.00015172879598215249
2018-06-12,0.000476999800073932
2018-06-13,0.0005157227083357396
2018-06-14,0.00048595387002639036
2018-06-15,-0.0002894586609764829
2018-06-18,-0.0004173652202369673
2018-06-19,0.0005310958181619355
2018-06-20,-0.000841403286601384
2018-06-21,-7.301100183121352e-05
2018-06-22,-0.00016252028091693146
2018-06-25,-0.0001792245009197102
2018-06-26,0.00010661036215178101
2018-06-27,0.0003069176254145538
2018-06-28,0.0003021692355432313
2018-06-29,-0.0003
2018-07-02,0.0
2018-07-03,0.0
2018-07-05,0.0
2018-07-06,0.0
2018-07-09,0.0
2018-07-10,0.0
2018-07-11,0.0
2018-07-12,0.0
2018-07-13,0.0
2018-07-16,0.0
2018-07-17,0.0
2018-07-18,0.0
2018-07-19,0.0
2018-07-20,0.0
2018-07-23,0.0
2018-07-24,0.0
2018-07-25,0.0
2018-07-26,0.0
2018-07-27,0.0
2018-07-30,0.0
2018-07-31,0.0
2018-08-01,0.0
2018-08-02,0.0
2018-08-03,0.0
2018-08-06,0.0
2018-08-07,0.0
2018-08-08,0.0
2018-08-09,0.0
2018-08-10,0.0
2018-08-13,0.0
2018-08-14,0.0
2018-08-15,0.0
2018-08-16,0.0
2018-08-17,0.0
2018-08-20,0.0
2018-08-21,0.0
2018-08-22,0.0
2018-08-23,0.0
2018-08-24,0.0
2018-08-27,0.0
2018-08-28,0.0
2018-08-29,0.0
2018-08-30,0.0
2018-08-31,0.0
2018-09-04,0.0
2018-09-05,0.0
2018-09-06,0.0
2018-09-07,0.0
2018-09-10,0.0
2018-09-11,0.0
2018-09-12,0.0
2018-09-13,0.0
2018-09-14,0.0
2018-09-17,0.0
2018-09-18,0.0
2018-09-19,0.0
2018-09-20,0.0
2018-09-21,0.0
2018-09-24,0.0
2018-09-25,0.0
2018-09-26,0.0
2018-09-27,0.0
2018-09-28,0.0
2018-10-01,0.0
2018-10-02,0.0
2018-10-03,0.0
2018-10-04,0.0
2018-10-05,0.0
2018-10-08,0.0
2018-10-09,0.0
2018-10-10,0.0
2018-10-11,0.0
2018-10-12,0.0
2018-10-15,0.0
2018-10-16,0.0
2018-10-17,0.0
2018-10-18,0.0
2018-10-19,0.0
2018-10-22,0.0
2018-10-23,0.0
2018-10-24,0.0
2018-10-25,0.0
2018-10-26,0.0
2018-10-29,0.0005201255647863433
2018-10-30,0.000777581743473106
2018-10-31,0.0009330189010126553
2018-11-01,-0.0008603488554964564
2018-11-02,0.0029752620400894402
2018-11-05,-0.0019389337917934107
2018-11-06,-0.0010203671725992035
2018-11-07,-0.002043849889486217
2018-11-08,-0.0019506811317227726
2018-11-09,-0.0016589458453756182
2018-11-12,-0.0003164192251428372
2018-11-13,0.0016459596983270431
2018-11-14,0.00283900506640451
2018-11-15,0.0017242710892494315
2018-11-16,-0.0003142749842042874
2018-11-19,-0.0001093978913505878
2018-11-20,-0.0007523375091861401
2018-11-21,-0.00038952368286227456
2018-11-23,-1.8308345104437216e-05
2018-11-26,0.0008961552224931967
2018-11-27,-0.00017580831261154563
2018-11-28,0.0006082086655962466
2018-11-29,-0.00018329485905803933
2018-11-30,-0.0003806075498858988
2018-12-03,-0.0020863575379886467
2018-12-04,-0.0023762650773003517
2018-12-06,0.00035473282848368527
2018-12-07,0.0009710708645743903
2018-12-10,-0.0007110711989527315
2018-12-11,-0.0009488082385556776
2018-12-12,0.0002496838628687598
2018-12-13,0.0009603084292904066
2018-12-14,5.150688021324237e-05
2018-12-17,-5.4254164940925744e-05
2018-12-18,-0.0008427593866481709
2018-12-19,-0.002061525039064562
2018-12-20,0.00042205779245456214
2018-12-21,0.0005416502198761654
2018-12-24,-5.457480438830637e-05
2018-12-26,0.0006275001323815893
2018-12-27,0.001400547119342874
2018-12-28,0.0001877148511052096
2018-12-31,-0.0003
2019-01-02,0.0
2019-01-03,0.0
2019-01-04,0.0
2019-01-07,0.0
2019-01-08,0.0
2019-01-09,0.0
2019-01-10,0.0
2019-01-11,0.0
2019-01-14,0.0
2019-01-15,0.0
2019-01-16,0.0
2019-01-17,0.0
2019-01-18,0.0
2019-01-22,0.0
2019-01-23,0.0
2019-01-24,0.0
2019-01-25,0.0
2019-01-28,0.0
2019-01-29,0.0
2019-01-30,0.0
2019-01-31,-0.0003924414766418974
2019-02-01,-0.0013521179107097714
2019-02-04,0.00019464503668075575
2019-02-05,-0.0003540976282382576
2019-02-06,0.0002914615765504764
2019-02-07,-0.00027800825943433914
2019-02-08,-0.0004375716118015583
2019-02-11,0.0002932335970998201
2019-02-12,6.896991708878558e-05
2019-02-13,-0.00024372430682137697
2019-02-14,0.0005551795843222446
2019-02-15,-0.0007694563772495824
2019-02-19,0.00021005252188078922
2019-02-20,0.0005697867659144228
2019-02-21,0.0009241886947075916
2019-02-22,-0.00021235241528458335
2019-02-25,0.00014569321825623745
2019-02-26,9.734762211707594e-05
2019-02-27,0.0012598180824825761
2019-02-28,-0.0002746987150752036
2019-03-01,0.0003791565584811053
2019-03-04,-0.0030653154012181003
2019-03-05,-0.0006080203416971094
2019-03-06,0.00039775766823831743
2019-03-07,3.9640291970647834e-05
2019-03-08,-0.0007031719036840597
2019-03-11,0.00028180902698147353
2019-03-12,-0.0015387248691038412
2019-03-13,0.0009767443677099286
2019-03-14,0.0028443272892926348
2019-03-15,-0.0014825184540197562
2019-03-18,-0.00022176713073390837
2019-03-19,0.00030966790403747163
2019-03-20,-0.00016456542551212264
2019-03-21,-0.0008286073686615255
2019-03-22,-0.0013548752951506808
2019-03-25,0.0019533351857723195
2019-03-26,0.00016384828657411719
2019-03-27,-0.0011473285045269224
2019-03-28,-0.0017007620331780222
2019-03-29,-0.0010578691248769334
2019-04-01,-0.0011397703882957315
2019-04-02,-0.001
2019-04-03,0.0
2019-04-04,0.0
2019-04-05,0.0
2019-04-08,0.0
2019-04-09,0.0
2019-04-10,0.0
2019-04-11,0.0
2019-04-12,0.0
2019-04-15,0.0
2019-04-16,0.0
2019-04-17,0.0
2019-04-18,0.0
2019-04-22,0.0
2019-04-23,0.0
2019-04-24,0.0
2019-04-25,0.0
2019-04-26,0.0
2019-04-29,0.0
2019-04-30,0.0
2019-05-01,0.0
2019-05-02,0.0
2019-05-03,0.0
2019-05-06,0.0
2019-05-07,0.0
2019-05-08,0.0
2019-05-09,0.0
2019-05-10,0.0
2019-05-13,0.0
2019-05-14,0.0
2019-05-15,0.0
2019-05-16,0.0
2019-05-17,0.0
2019-05-20,0.0
2019-05-21,0.0
2019-05-22,0.0
2019-05-23,0.0
2019-05-24,0.0
2019-05-28,0.0
2019-05-29,0.0
2019-05-30,0.0
2019-05-31,0.0
2019-06-03,0.0
2019-06-04,0.0
2019-06-05,0.0
2019-06-06,0.0
2019-06-07,0.0
2019-06-10,0.0
2019-06-11,0.0
2019-06-12,0.0
2019-06-13,0.0
2019-06-14,0.0
2019-06-17,0.0
2019-06-18,0.0
2019-06-19,0.0
2019-06-20,0.0
2019-06-21,0.0
2019-06-24,0.0
2019-06-25,0.0
2019-06-26,0.0
2019-06-27,0.0
2019-06-28,0.0
2019-07-01,0.0
2019-07-02,0.0
2019-07-03,0.0
2019-07-05,0.0
2019-07-08,0.0
2019-07-09,0.0
2019-07-10,0.0
2019-07-11,0.0
2019-07-12,0.0
2019-07-15,0.0
2019-07-16,0.0
2019-07-17,0.0
2019-07-18,0.0
2019-07-19,0.0
2019-07-22,0.0
2019-07-23,0.0
2019-07-24,0.0
2019-07-25,0.0
2019-07-26,0.0
2019-07-29,0.0
2019-07-30,0.0
2019-07-31,0.0
2019-08-01,0.0
2019-08-02,0.0
2019-08-05,0.0
2019-08-06,0.0
2019-08-07,0.0
2019-08-08,0.0
2019-08-09,0.0
2019-08-12,0.0
2019-08-13,0.0
2019-08-14,0.0
2019-08-15,0.0
2019-08-16,0.0
2019-08-19,0.0
2019-08-20,0.0
2019-08-21,0.0
2019-08-22,0.0
2019-08-23,0.0
2019-08-26,0.0
2019-08-27,0.0
2019-08-28,0.0
2019-08-29,0.0
2019-08-30,0.0
2019-09-03,0.0
2019-09-04,0.0
2019-09-05,0.0
2019-09-06,0.0
2019-09-09,0.0
2019-09-10,0.0
2019-09-11,0.0
2019-09-12,0.0
2019-09-13,0.0
2019-09-16,0.0
2019-09-17,0.0
2019-09-18,0.0
2019-09-19,0.0
2019-09-20,0.0
2019-09-23,0.0
2019-09-24,0.0
2019-09-25,0.0
2019-09-26,0.0
2019-09-27,0.0
2019-09-30,0.0
2019-10-01,0.0
2019-10-02,0.0
2019-10-03,0.0
2019-10-04,0.0
2019-10-07,0.0
2019-10-08,0.0
2019-10-09,0.0
2019-10-10,0.0
2019-10-11,0.0
2019-10-14,0.0
2019-10-15,0.0
2019-10-16,0.0
2019-10-17,0.0
2019-10-18,0.0
2019-10-21,0.0
2019-10-22,0.0
2019-10-23,0.0
2019-10-24,0.0
2019-10-25,0.0
2019-10-28,0.0
2019-10-29,0.0
2019-10-30,-0.006480160210712463
2019-10-31,-0.001642718188361577
2019-11-01,-0.001443702880111758
2019-11-04,0.004217224344896642
2019-11-05,0.0015012421506229124
2019-11-06,-0.0008728755365432594
2019-11-07,0.0037544803773115515
2019-11-08,0.0021445599668309624
2019-11-11,0.00046081046007034876
2019-11-12,-0.0028518675725772323
2019-11-13,-0.0015138741412211293
2019-11-14,-0.0022339555239427535
2019-11-15,0.00031155631632543893
2019-11-18,0.0010875575384357897
2019-11-19,-0.004499016647176419
2019-11-20,-0.0037220784792422216
2019-11-21,0.0017518128612896235
2019-11-22,-0.0013881068460871878
2019-11-25,-0.002082954907487405
2019-11-26,-0.00217898861539885
2019-11-27,-0.0012882701468119326
2019-11-29,-0.0009999999999999998
2019-12-02,0.0
2019-12-03,0.0
2019-12-04,0.0
2019-12-05,0.0
2019-12-06,0.0
2019-12-09,0.0
2019-12-10,0.0
2019-12-11,0.0
2019-12-12,0.0
2019-12-13,0.0
2019-12-16,0.0
2019-12-17,0.0
2019-12-18,0.0
2019-12-19,0.0
2019-12-20,0.0
2019-12-23,0.0
2019-12-24,0.0
2019-12-26,0.0
2019-12-27,0.0
2019-12-30,0.0
2019-12-31,0.0
2020-01-02,0.0
2020-01-03,0.0
2020-01-06,0.0
2020-01-07,0.0
2020-01-08,0.0
2020-01-09,0.0
2020-01-10,0.0
2020-01-13,0.0
2020-01-14,0.0
2020-01-15,0.0
2020-01-16,0.0
2020-01-17,0.0
2020-01-21,0.0
2020-01-22,0.0
2020-01-23,0.0
2020-01-24,0.0
2020-01-27,0.0
2020-01-28,0.0
2020-01-29,0.0
2020-01-30,0.0
2020-01-31,0.0
2020-02-03,0.0
2020-02-04,0.0
2020-02-05,0.0
2020-02-06,0.0
2020-02-07,0.0
2020-02-10,0.0
2020-02-11,0.0
2020-02-12,0.0
2020-02-13,0.0
2020-02-14,0.0
2020-02-18,0.0
2020-02-19,0.0
2020-02-20,0.0
2020-02-21,0.0
2020-02-24,0.0
2020-02-25,0.0
2020-02-26,0.0
2020-02-27,0.0
2020-02-28,0.0
2020-03-02,0.0
2020-03-03,0.0
2020-03-04,0.0
2020-03-05,0.0
2020-03-06,0.0
2020-03-09,0.0
2020-03-10,0.0
2020-03-11,0.0
2020-03-12,0.0
2020-03-13,0.0
2020-03-16,0.0
2020-03-17,0.0
2020-03-18,0.0
2020-03-19,0.0
2020-03-20,0.0
2020-03-23,0.0
2020-03-24,0.0
2020-03-25,0.0
2020-03-26,0.0
2020-03-27,0.0
2020-03-30,0.0
2020-03-31,0.0
2020-04-01,0.0
2020-04-02,0.0
2020-04-03,0.0
2020-04-06,0.0
2020-04-07,0.0
2020-04-08,0.0
2020-04-09,0.0
2020-04-13,0.0
2020-04-14,0.0
2020-04-15,0.0
2020-04-16,0.0
2020-04-17,0.0
2020-04-20,0.0
2020-04-21,0.0
2020-04-22,0.0
2020-04-23,0.0
2020-04-24,0.0
2020-04-27,0.0
2020-04-28,0.0
2020-04-29,0.0
2020-04-30,0.0
2020-05-01,0.0
2020-05-04,0.0
2020-05-05,0.0
2020-05-06,0.0
2020-05-07,0.0
2020-05-08,0.0
2020-05-11,0.0
2020-05-12,0.0
2020-05-13,0.0
2020-05-14,0.0
2020-05-15,0.0
2020-05-18,0.0
2020-05-19,0.0
2020-05-20,0.0
2020-05-21,0.0
2020-05-22,0.0
2020-05-26,0.0
2020-05-27,0.0
2020-05-28,0.0
2020-05-29,0.0
2020-06-01,0.0
2020-06-02,0.0
2020-06-03,0.0
2020-06-04,0.0
2020-06-05,0.0
2020-06-08,0.0
2020-06-09,0.0
2020-06-10,0.0
2020-06-11,0.0
2020-06-12,0.0
2020-06-15,0.0
2020-06-16,0.0
2020-06-17,0.0
2020-06-18,0.0
2020-06-19,0.0
2020-06-22,0.0
2020-06-23,0.0
2020-06-24,0.0
2020-06-25,0.0
2020-06-26,0.0
2020-06-29,0.0
2020-06-30,0.0
2020-07-01,0.0
2020-07-02,0.0
2020-07-06,0.0
2020-07-07,0.0
2020-07-08,0.0
2020-07-09,0.0
2020-07-10,0.0
2020-07-13,0.0
2020-07-14,0.0
2020-07-15,0.0
2020-07-16,0.0
2020-07-17,0.0
2020-07-20,0.0
2020-07-21,0.0
2020-07-22,0.0
2020-07-23,0.0
2020-07-24,0.0
2020-07-27,0.0
2020-07-28,0.0
2020-07-29,0.0
2020-07-30,0.0
2020-07-31,0.0
2020-08-03,0.0
2020-08-04,0.0
2020-08-05,0.0
2020-08-06,0.0
2020-08-07,0.0
2020-08-10,0.0
2020-08-11,0.0
2020-08-12,0.0
2020-08-13,0.0
2020-08-14,0.0
2020-08-17,0.0
2020-08-18,0.0
2020-08-19,0.0
2020-08-20,0.0
2020-08-21,0.0
2020-08-24,0.0
2020-08-25,0.0
2020-08-26,0.0
2020-08-27,0.0
2020-08-28,0.0
2020-08-31,0.0
2020-09-01,0.0
2020-09-02,0.0
2020-09-03,0.0
2020-09-04,0.0
2020-09-08,0.0
2020-09-09,0.0
2020-09-10,0.0
2020-09-11,0.0
2020-09-14,0.0
2020-09-15,0.0
2020-09-16,0.0
2020-09-17,0.0
2020-09-18,0.0
2020-09-21,0.0
2020-09-22,0.0
2020-09-23,0.0
2020-09-24,0.0
2020-09-25,0.0
2020-09-28,0.0
2020-09-29,0.0
2020-09-30,0.0
2020-10-01,0.0
2020-10-02,0.0
2020-10-05,0.0
2020-10-06,0.0
2020-10-07,0.0
2020-10-08,0.0
2020-10-09,0.0
2020-10-12,0.0
2020-10-13,0.0
2020-10-14,0.0
2020-10-15,0.0
2020-10-16,0.0
2020-10-19,0.0
2020-10-20,0.0
2020-10-21,0.0
2020-10-22,0.0
2020-10-23,0.0
2020-10-26,0.0
2020-10-27,0.0
2020-10-28,0.0
2020-10-29,0.0
2020-10-30,0.0
2020-11-02,0.0
2020-11-03,0.0
2020-11-04,0.0
2020-11-05,0.0
2020-11-06,0.0
2020-11-09,0.0
2020-11-10,0.0
2020-11-11,0.0
2020-11-12,0.0
2020-11-13,0.0
2020-11-16,0.0
2020-11-17,0.0
2020-11-18,0.0
2020-11-19,0.0
2020-11-20,0.0
2020-11-23,0.0
2020-11-24,0.0
2020-11-25,0.0
2020-11-27,0.0
2020-11-30,0.0
2020-12-01,0.0
2020-12-02,0.0
2020-12-03,0.0
2020-12-04,0.0
2020-12-07,0.0
2020-12-08,0.0
2020-12-09,0.0
2020-12-10,0.0
2020-12-11,0.0
2020-12-14,0.0
2020-12-15,0.0
2020-12-16,0.0
2020-12-17,0.0
2020-12-18,0.0
2020-12-21,0.0
2020-12-22,0.0
2020-12-23,0.0
2020-12-24,0.0
2020-12-28,0.0
2020-12-29,0.0
2020-12-30,0.0
2020-12-31,0.0
2021-01-04,0.0
2021-01-05,0.0
2021-01-06,0.0
2021-01-07,0.0
2021-01-08,0.0
2021-01-11,0.0
2021-01-12,0.0
2021-01-13,0.0
2021-01-14,0.0
2021-01-15,0.0
2021-01-19,0.0
2021-01-20,0.0
2021-01-21,0.0
2021-01-22,0.0
2021-01-25,0.0
2021-01-26,0.0
2021-01-27,0.0
2021-01-28,0.0
2021-01-29,0.0
2021-02-01,-0.0018666681778905137
2021-02-02,0.0004961694560456668
2021-02-03,0.0009804879330650136
2021-02-04,5.277099839447839e-05
2021-02-05,0.00106538454226249
2021-02-08,-0.00010027793158053387
2021-02-09,-0.0010244523784367775
2021-02-10,-0.0008824191887126043
2021-02-11,-0.00012539469630841964
2021-02-12,0.0011731576510294575
2021-02-16,0.0026870573077972153
2021-02-17,0.0008017082796087594
2021-02-18,-0.00024463471373427164
2021-02-19,0.0015989843600660034
2021-02-22,-0.0002338747988265543
2021-02-23,-0.0005887306227246732
2021-02-24,-0.0012576226194432052
2021-02-25,0.004594350338464513
2021-02-26,7.317051286252134e-05
2021-03-01,-0.0008176562144982613
2021-03-02,-0.0006293239426666018
2021-03-03,-0.003451040195104981
2021-03-04,-0.0034344866204693166
2021-03-05,-0.002052765621356323
2021-03-08,-0.0017283733027980916
2021-03-09,0.001079082900724587
2021-03-10,0.0011386438652091332
2021-03-11,0.0018211373224785543
2021-03-12,-0.001350901143862497
2021-03-15,-0.0005898791653211213
2021-03-16,0.0011041613934282609
2021-03-17,0.0003912348365243131
2021-03-18,-0.0034698485169028705
2021-03-19,-0.0024930496083311387
2021-03-22,0.0003883434596662141
2021-03-23,0.002442916260389684
2021-03-24,-0.0006291384055498401
2021-03-25,0.0008223160606116004
2021-03-26,-0.002565473015676631
2021-03-29,-0.0007594940103665891
2021-03-30,-0.002489569625832357
2021-03-31,0.0005917253982752875
2021-04-01,-0.003050865133957155
2021-04-05,0.0010425446789858993
2021-04-06,-0.002127295744911555
2021-04-07,-0.00028034401424769354
2021-04-08,-0.0007946703500457108
2021-04-09,0.0008248475710770356
2021-04-12,6.237358013465527e-08
2021-04-13,-0.001376606849448427
2021-04-14,0.0004332598888491123
2021-04-15,-0.0019715058991485327
2021-04-16,0.0007026182486165999
2021-04-19,0.00020820969845268842
2021-04-20,-0.001106497372975121
2021-04-21,0.0002409439163364733
2021-04-22,-0.0001705924197388314
2021-04-23,0.00023533357755274942
2021-04-26,0.00017930066800304347
2021-04-27,0.0014532300648355452
2021-04-28,-0.00044906334722192616
2021-04-29,0.0012126438874241387
2021-04-30,-0.00011929955258253858
2021-05-03,-0.0007541694440582832
2021-05-04,-0.0009760736119131885
2021-05-05,0.0001785180701916044
2021-05-06,-0.0002706880638642046
2021-05-07,0.0014434136348309345
2021-05-10,0.001475119847962074
2021-05-11,0.0006152427971693941
2021-05-12,0.000431025380714039
2021-05-13,0.0007350265789199137
2021-05-14,-0.0012942200694189714
2021-05-17,0.00012035265422026664
2021-05-18,0.0006206020728679061
2021-05-19,-0.0003974182283086429
2021-05-20,-0.00048654460132878055
2021-05-21,-0.0005847081893444171
2021-05-24,-0.00041620827750686807
2021-05-25,-0.0006418461756196371
2021-05-26,-2.0108498784969373e-05
2021-05-27,4.200343378605467e-05
2021-05-28,0.000621114874147204
2021-06-01,2.7380180882445522e-05
2021-06-02,-0.0006335319013744999
2021-06-03,-0.00020275356895232787
2021-06-04,-0.0013119464411437034
2021-06-07,0.0003615866302674207
2021-06-08,-0.0007837495390779008
2021-06-09,-0.0012575553902296546
2021-06-10,-0.0005734267622422222
2021-06-11,-0.00014584399315303325
2021-06-14,0.0006398879014072376
2021-06-15,0.00019186427602325268
2021-06-16,-0.0019874038919639506
2021-06-17,-0.002655346254865628
2021-06-18,-0.0035137303511452497
2021-06-21,0.002848960964060758
2021-06-22,0.000333523098459424
2021-06-23,-0.00027367318737120714
2021-06-24,-0.00030800038214816636
2021-06-25,0.001499970925175678
2021-06-28,-0.0012594703700095596
2021-06-29,-0.000177544910060218
2021-06-30,-0.00055315179012421
2021-07-01,-0.00021488421529892228
2021-07-02,-0.00011386275606097509
2021-07-06,0.00024333139038659133
2021-07-07,0.0006306938907491462
2021-07-08,-0.00033072175359724295
2021-07-09,-0.0007499149434070571
2021-07-12,6.041253140542982e-05
2021-07-13,3.8836532046490014e-05
2021-07-14,0.00030578269007480556
2021-07-15,0.0007708906361670127
2021-07-16,-0.00012101775695340223
2021-07-19,0.000948682450684646
2021-07-20,-0.0014084664258508781
2021-07-21,-0.000375656831883849
2021-07-22,0.0006156268319125928
2021-07-23,-0.0006677058436189637
2021-07-26,-0.00018810940785035562
2021-07-27,0.0006542346924486147
2021-07-28,-0.00019797745321898727
2021-07-29,-6.431721155256693e-05
2021-07-30,-0.00012943313220993295
2021-08-02,0.00016085247581393872
2021-08-03,1.1827595789010175e-05
2021-08-04,0.00010588243456549604
2021-08-05,-0.00032096288683784583
2021-08-06,-0.00046355826655069957
2021-08-09,-0.00016109519976512137
2021-08-10,-1.5974648746581632e-05
2021-08-11,4.372225128302748e-05
2021-08-12,-0.0001254263679739308
2021-08-13,0.000683928449781484
2021-08-16,0.00024041071921595625
2021-08-17,4.885831545034199e-05
2021-08-18,-0.00023071587045579592
2021-08-19,0.000234157506350935
2021-08-20,-0.00019624928991610096
2021-08-23,2.2301697765146066e-05
2021-08-24,-0.00024322214222429638
2021-08-25,-0.0005603888596088516
2021-08-26,-8.371692645710123e-05
2021-08-27,7.057734025050157e-05
2021-08-30,0.00011926566423861461
2021-08-31,-0.0014859307154272024
2021-09-01,0.0004320313438108092
2021-09-02,0.0007531639304992167
2021-09-03,-0.0015885774763182165
2021-09-07,-0.0011599496677369295
2021-09-08,0.0011358735493999224
2021-09-09,0.0013044872645389866
2021-09-10,-0.0009844289680444635
2021-09-13,0.00044744708352776675
2021-09-14,0.0019387661028113453
2021-09-15,-0.0007922217915101423
2021-09-16,-0.000248905568486587
2021-09-17,-0.000750970653445092
2021-09-20,0.001972217634280714
2021-09-21,-0.0005676971987312515
2021-09-22,0.002293167706754932
2021-09-23,-0.003384122903288613
2021-09-24,-0.0009920468666229183
2021-09-27,-0.0005927357592374107
2021-09-28,-0.002583114913028767
2021-09-29,-0.0003980569242957833
2021-09-30,-0.0008803247379297934
2021-10-01,0.0
2021-10-04,0.0
2021-10-05,0.0
2021-10-06,0.0
2021-10-07,0.0
2021-10-08,0.0
2021-10-11,0.0
2021-10-12,0.0
2021-10-13,0.0
2021-10-14,0.0
2021-10-15,0.0
2021-10-18,0.0
2021-10-19,0.0
2021-10-20,0.0
2021-10-21,0.0
2021-10-22,0.0
2021-10-25,0.0
2021-10-26,0.0
2021-10-27,0.0
2021-10-28,0.0
2021-10-29,0.0009141016887388016
2021-11-01,-0.004618475299333744
2021-11-02,-0.0012797038953760794
2021-11-03,-0.0026697081140988656
2021-11-04,-0.0014251831780080495
2021-11-05,0.002059282562410298
2021-11-08,0.006146019652018106
2021-11-09,0.0018897850968965476
2021-11-10,0.0023201592815965694
2021-11-11,0.004475919975795051
2021-11-12,-0.006835163281436317
2021-11-15,-0.0028368276810282174
2021-11-16,-0.0005379621649289879
2021-11-17,-0.0001724203034195075
2021-11-18,0.0013471198878700602
2021-11-19,0.0040289313702808
2021-11-22,0.004013422056539758
2021-11-23,-0.004234406671340323
2021-11-24,0.007066633146543299
2021-11-26,-0.0034273031995922104
2021-11-29,-0.0027561099854547452
2021-11-30,0.0004535093231309385
2021-12-01,0.0006689603607668314
2021-12-02,0.001817696135785577
2021-12-03,-7.683163362997543e-05
2021-12-06,-0.000575810263891067
2021-12-07,0.0002931400291573198
2021-12-08,-0.0024666740330399474
2021-12-09,0.0002605210944121557
2021-12-10,-0.0009012348689429521
2021-12-13,0.0010597999448136689
2021-12-14,0.0004507213017120545
2021-12-15,-0.0015881661781592176
2021-12-16,-0.0014152131903160403
2021-12-17,0.0016618184655349008
2021-12-20,-0.0014632026894068196
2021-12-21,0.0011345267784095385
2021-12-22,0.0006612451825891937
2021-12-23,-0.0009579595577402177
2021-12-27,0.000555781990544812
2021-12-28,-0.0008771062594071444
2021-12-29,-0.0002737886993457251
2021-12-30,0.0003719367369034027
2021-12-31,0.0005759105341377087
2022-01-03,-0.003324932186333059
2022-01-04,-0.0019424190781197996
2022-01-05,0.001679533156779047
2022-01-06,0.002554296768230402
2022-01-07,-0.0009547906372133243
2022-01-10,0.0018820519457396468
2022-01-11,0.000944638774531478
2022-01-12,-0.0008002137426539916
2022-01-13,0.0009343405595966518
2022-01-14,-0.0005042957438628568
2022-01-18,0.0005941542278274582
2022-01-19,0.0004439180692991857
2022-01-20,0.0014921980228901532
2022-01-21,0.0008485590366701728
2022-01-24,-0.002937563164777597
2022-01-25,0.0004274005552487158
2022-01-26,0.0013979812054351094
2022-01-27,0.005514860817285598
2022-01-28,-0.0012357146265905155
2022-01-31,-0.0014471449463076505
2022-02-01,-0.00018307542266667227
2022-02-02,0.00011199335950195438
2022-02-03,1.2220809904124385e-06
2022-02-04,0.0012979388851118727
2022-02-07,-0.00041756843316405096
2022-02-08,0.0006984193493634027
2022-02-09,0.0008519366631156186
2022-02-10,0.006234739788121212
2022-02-11,-0.0028460482430702396
2022-02-14,0.0013958310652048404
2022-02-15,-0.0029535303447374055
2022-02-16,-0.0013075852068318383
2022-02-17,0.0002731889336305911
2022-02-18,0.001920585510387017
2022-02-22,0.0023077548439717445
2022-02-23,-0.0016611765321145648
2022-02-24,-0.0016105050421774576
2022-02-25,0.00023005574807552287
2022-02-28,0.0007334924002033298
2022-03-01,-0.002290618894516513
2022-03-02,-0.0005929660411381184
2022-03-03,0.0020068170166487017
2022-03-04,0.001809686915349318
2022-03-07,0.001170870980829508
2022-03-08,0.0004005763314805557
2022-03-09,-0.0010089331045027045
2022-03-10,-0.0010779974337291154
2022-03-11,0.0014218938102661476
2022-03-14,-5.9272246685330445e-06
2022-03-15,-0.0008143571854327388
2022-03-16,0.003399521037045689
2022-03-17,-0.0008179725700415587
2022-03-18,0.0028936084957326006
2022-03-21,0.001581474906125912
2022-03-22,-0.0010977994242862945
2022-03-23,0.002365386604428521
2022-03-24,0.000597789786221453
2022-03-25,0.0007720545072443556
2022-03-28,0.0032080951070703806
2022-03-29,0.0007776084669369647
2022-03-30,0.00024503535938003257
2022-03-31,0.0008937497180417763
2022-04-01,0.004444403304441345
2022-04-04,-0.0025047948667058883
2022-04-05,-0.0011218449300623979
2022-04-06,-0.003490647160902155
2022-04-07,-0.0034766346230606215
2022-04-08,0.00011340209569042197
2022-04-11,-0.00365772815056106
2022-04-12,-0.004870972653461099
2022-04-13,-0.00042279035712460765
2022-04-14,-0.0004891408979393222
2022-04-18,-0.0012639987636706854
2022-04-19,0.002754618156382849
2022-04-20,0.003111075023414182
2022-04-21,0.0016490269409340816
2022-04-22,-0.0005674350562394901
2022-04-25,-0.0006542194209391885
2022-04-26,-0.001302653604065807
2022-04-27,-0.001823144668716535
2022-04-28,0.00155654884595066
2022-04-29,0.001119773619576699
2022-05-02,0.006166055854621667
2022-05-03,-0.0053006646601491325
2022-05-04,0.005273972712924976
2022-05-05,0.011780187351781608
2022-05-06,0.00785742761628342
2022-05-09,0.003040758388060569
2022-05-10,-0.006267720976418137
2022-05-11,-0.01156062129673908
2022-05-12,0.005939541403936665
2022-05-13,0.007364440031067515
2022-05-16,0.004152323073816327
2022-05-17,-0.00013514377148299132
2022-05-18,-0.011318517172299564
2022-05-19,0.0028680743906781565
2022-05-20,-0.004712834506524667
2022-05-23,0.0077221733035391996
2022-05-24,-0.005098508999542994
2022-05-25,0.0003476728065283399
2022-05-26,0.003133659490084659
2022-05-27,-0.0015836258088289526
2022-05-31,0.008128330853039049
2022-06-01,-0.0026078120508539367
2022-06-02,0.00046870924304867655
2022-06-03,-0.00038009538315171484
2022-06-06,-0.00015869332852329777
2022-06-07,0.0002447058530739176
2022-06-08,-0.00010613840711067406
2022-06-09,-0.0004966337371200568
2022-06-10,-0.0014311624155683852
2022-06-13,-0.0011229280770751714
2022-06-14,-0.000936557129580665
2022-06-15,0.0017631858205809225
2022-06-16,0.0012038630903115854
2022-06-17,-0.00012915407318611912
2022-06-21,0.0001939076379208324
2022-06-22,0.00038791358715905026
2022-06-23,0.0009475508549190845
2022-06-24,0.00044499143717708625
2022-06-27,-0.0008299812225209958
2022-06-28,7.445571385737774e-05
2022-06-29,0.0008360918013566433
2022-06-30,0.0012522774358167137
2022-07-01,-0.011456603314395311
2022-07-05,0.0020377635435040544
2022-07-06,0.003931063815375483
2022-07-07,0.0025659156258670554
2022-07-08,0.001304526344512925
2022-07-11,0.0020393257765306187
2022-07-12,0.00022108308018170506
2022-07-13,0.006091864118175146
2022-07-14,0.0016960648321719088
2022-07-15,-0.0009875188549428634
2022-07-18,-0.002741694779488296
2022-07-19,0.0034212536512446333
2022-07-20,0.003370560281033234
2022-07-21,-0.007179478468642691
2022-07-22,-0.0059371820848414724
2022-07-25,-0.001431706902630289
2022-07-26,0.0012436163401169514
2022-07-27,-0.009512820340022756
2022-07-28,-0.009444854411125407
2022-07-29,-0.0020395643553242303
2022-08-01,0.012701490942128694
2022-08-02,0.00746473478464278
2022-08-03,0.004120568086684507
2022-08-04,-0.008405051713268963
2022-08-05,0.0073726953854610505
2022-08-08,0.0016426061273577745
2022-08-09,0.0024122681308529
2022-08-10,-0.005718797061025072
2022-08-11,-0.005097423605463058
2022-08-12,0.00043481032548734107
2022-08-15,-0.005656772495554226
2022-08-16,0.005287429397860477
2022-08-17,0.004123586018192229
2022-08-18,-0.0016249076942772838
2022-08-19,0.0021377451879490933
2022-08-22,0.004735676425673296
2022-08-23,0.0002658980315268759
2022-08-24,0.00020753843367811458
2022-08-25,-0.0005455391464360498
2022-08-26,0.007666111050789876
2022-08-29,0.0033575551501191037
2022-08-30,0.0019736213796692098
2022-08-31,0.000622727602666345
2022-09-01,0.00045799205536792184
2022-09-02,-0.00044608571252067715
2022-09-06,0.000981129425089185
2022-09-07,-0.0006557646663634136
2022-09-08,-0.000338815703616067
2022-09-09,-0.0008788778319873305
2022-09-12,-0.00014432272578346252
2022-09-13,-5.9753384807166446e-05
2022-09-14,-0.000602027584161696
2022-09-15,0.0008547042879633658
2022-09-16,-0.001644146419466384
2022-09-19,0.0007416085640388787
2022-09-20,0.0020287161551243776
2022-09-21,-0.001257717806568157
2022-09-22,0.004556767722338356
2022-09-23,-0.0008250390116886554
2022-09-26,0.005523744944496713
2022-09-27,0.0011183843496614648
2022-09-28,-0.0055815189901231394
2022-09-29,0.000623525852590869
2022-09-30,0.004692054592442476
2022-10-03,-0.0009503712446947731
2022-10-04,0.006315160232458485
2022-10-05,-0.0022910155505507235
2022-10-06,-0.0025707508531532634
2022-10-07,0.0012493559504910513
2022-10-10,0.008906834655248497
2022-10-11,-0.00134599064510724
2022-10-12,0.0011740124725137199
2022-10-13,-0.0024130400465514103
2022-10-14,0.0019513665387069154
2022-10-17,0.008004617196143936
2022-10-18,0.0014478321477812588
2022-10-19,0.0030670382781895346
2022-10-20,0.006347564530279758
2022-10-21,0.025779960523700858
2022-10-24,0.0066273609479251695
2022-10-25,-0.014206326918379296
2022-10-26,-0.007264123220821087
2022-10-27,0.002386999005082694
2022-10-28,-0.00286218359810729
2022-10-31,-0.0022157709200198565
2022-11-01,0.0010243737476777414
2022-11-02,0.00022640265568392573
2022-11-03,0.0002530882302744594
2022-11-04,-0.00028446178366685966
2022-11-07,0.0004483780183931666
2022-11-08,0.0028491850377997162
2022-11-09,-0.00034295255366264133
2022-11-10,0.0043850600271999355
2022-11-11,-0.0009312137557254175
2022-11-14,-0.0003725721065729961
2022-11-15,0.0021640770927336505
2022-11-16,0.002431268642619542
2022-11-17,-0.0025754974246561665
2022-11-18,0.0001382726237662727
2022-11-21,-0.0014884386286606378
2022-11-22,0.0014712085948887926
2022-11-23,-0.0003701819004959712
2022-11-25,0.0003112852562287859
2022-11-28,-0.0008147297816730528
2022-11-29,-0.0010425144570424165
2022-11-30,-0.0020156848415887356
2022-12-01,-0.00043477455790639206
2022-12-02,-5.007312131622346e-05
2022-12-05,0.0005766739179122621
2022-12-06,0.00014535825620382318
2022-12-07,-0.00031905672342199713
2022-12-08,0.000556328800553837
2022-12-09,-0.00023486304682030821
2022-12-12,-0.00010516190999711529
2022-12-13,-0.00018009523073582939
2022-12-14,-0.0004450759095452328
2022-12-15,-0.00011856710106634172
2022-12-16,-6.457777811673821e-05
2022-12-19,-9.303904039052263e-05
2022-12-20,0.00022877981080673287
2022-12-21,0.00022220190105617813
2022-12-22,4.661670716426014e-05
2022-12-23,-0.0002272421127493068
2022-12-27,0.00021306128651900293
2022-12-28,-0.00012267169524808288
2022-12-29,0.00035350083482735126
2022-12-30,-0.0014735244700156739
2023-01-03,0.0038269009914461203
2023-01-04,0.0008161022100502137
2023-01-05,0.004915051782320349
2023-01-06,-0.005884315533879975
2023-01-09,-0.0010776212326023432
2023-01-10,-0.0034545106465070237
2023-01-11,0.0024737148540637894
2023-01-12,-0.0010926837819459727
2023-01-13,0.0016114785501543708
2023-01-17,-0.003416869597435387
2023-01-18,-0.00022315379990925583
2023-01-19,-0.0005420795547447762
2023-01-20,-0.0018285309235298564
2023-01-23,0.0017982772895518769
2023-01-24,0.0030414928004303364
2023-01-25,-0.0009867636808485675
2023-01-26,0.0007489048214388749
2023-01-27,-0.00032949301799515684
2023-01-30,0.002083709619652786
2023-01-31,-0.0029933135098171994
2023-02-01,-0.0006777430872996938
2023-02-02,0.0002364869631123496
2023-02-03,0.002478735915565181
2023-02-06,0.002992984321887661
2023-02-07,-0.0012405190826116608
2023-02-08,-0.00021838004609472087
2023-02-09,2.0977284992250284e-05
2023-02-10,-0.00042917366176335633
2023-02-13,0.0008294182469288714
2023-02-14,0.002287797666090866
2023-02-15,-0.0011304152920647405
2023-02-16,-0.0017170146982609653
2023-02-17,3.9975765079136325e-05
2023-02-21,0.0005610075681163777
2023-02-22,0.0008165556568668995
2023-02-23,0.0004007793874811531
2023-02-24,0.0007909540833517367
2023-02-27,-0.0007876147335658027
2023-02-28,0.0005955799979040443
2023-03-01,0.0023393262434470794
2023-03-02,-0.0007124493206535651
2023-03-03,0.0002939704660454539
2023-03-06,0.0008116910985072625
2023-03-07,0.002247751756789707
2023-03-08,0.0002478788611645066
2023-03-09,-0.000273581820622984
2023-03-10,0.00011507504703648329
2023-03-13,-0.007521977716330277
2023-03-14,0.0015288114860913444
2023-03-15,-0.0006575199124426315
2023-03-16,0.0007131837695102173
2023-03-17,-0.0013553627172992976
2023-03-20,5.193626890853212e-05
2023-03-21,0.000671812592789872
2023-03-22,0.0008879784967784166
2023-03-23,0.00030403610155322106
2023-03-24,-0.0016065111967394955
2023-03-27,0.000974675726150161
2023-03-28,0.0005663435300177064
2023-03-29,-0.00039424162258624654
2023-03-30,0.0002164398776474567
2023-03-31,0.000657513612269171
2023-04-03,-0.0003712133513073362
2023-04-04,-0.002017440270607252
2023-04-05,1.0738016310697812e-05
2023-04-06,0.0005694568146746644
2023-04-10,0.0017314223936367797
2023-04-11,0.0004257730620849112
2023-04-12,-0.00148192746668522
2023-04-13,-0.001086522430244006
2023-04-14,0.001199823743537436
2023-04-17,0.0003443228759097719
2023-04-18,0.0004425370696388485
2023-04-19,0.0007607885542276576
2023-04-20,-0.0014369276152242172
2023-04-21,2.2327088073184347e-05
2023-04-24,-0.00016097362085401053
2023-04-25,-0.0014198786412423503
2023-04-26,-0.0009778308527516638
2023-04-27,0.001120344910180756
2023-04-28,0.0003485022209067932
2023-05-01,0.0007517123061613932
2023-05-02,-0.000850263376316233
2023-05-03,-0.0003
2023-05-04,0.0
2023-05-05,0.0
2023-05-08,0.0
2023-05-09,0.0
2023-05-10,0.0
2023-05-11,0.0
2023-05-12,0.0
2023-05-15,0.0
2023-05-16,0.0
2023-05-17,0.0
2023-05-18,0.0
2023-05-19,0.0
2023-05-22,0.0
2023-05-23,0.0
2023-05-24,0.0
2023-05-25,0.0
2023-05-26,0.0
2023-05-30,0.0
2023-05-31,0.0
2023-06-01,0.0
2023-06-02,0.006640915649829219
2023-06-05,-0.0017420536119654106
2023-06-06,0.004587454302497313
2023-06-07,-0.0007901263188118328
2023-06-08,-0.0025859351428190753
2023-06-09,0.007055683408306214
2023-06-12,-0.0019044850455697613
2023-06-13,0.005109435069938103
2023-06-14,0.0057298461582998075
2023-06-15,-0.006337610932745981
2023-06-16,0.005261115919566614
2023-06-20,0.0007342471321174625
2023-06-21,0.0006308234302730778
2023-06-22,0.00013261071145871702
2023-06-23,0.0011514808036353736
2023-06-26,-0.003701462625986832
2023-06-27,0.005304312867090736
2023-06-28,-0.0037363868030303358
2023-06-29,0.004111466178647076
2023-06-30,0.005671528298879071
2023-07-03,0.008556899498452866
2023-07-05,0.0014960400650936958
2023-07-06,0.0027687238320034473
2023-07-07,0.006067037370679316
2023-07-10,0.007015143072524061
2023-07-11,-0.0035592088284498507
2023-07-12,0.005644217261468823
2023-07-13,0.0050049489605667125
2023-07-14,-0.00522534409176467
2023-07-17,0.001641003696782142
2023-07-18,-0.002700353573549315
2023-07-19,-0.005049912389726123
2023-07-20,0.0009730372275886083
2023-07-21,-0.00035126183589166585
2023-07-24,-0.0018355500687225203
2023-07-25,-0.00012351381823354663
2023-07-26,0.003676631931755753
2023-07-27,0.004339147248771255
2023-07-28,0.0016814579213511368
2023-07-31,-0.0001792227529346349
2023-08-01,0.0025558786763652517
2023-08-02,0.007705639038634822
2023-08-03,0.012513727572965469
2023-08-04,-0.0012081567991347633
2023-08-07,0.006507550489867586
2023-08-08,-0.0045785234088096295
2023-08-09,-0.005047746430608731
2023-08-10,0.005878288907681078
2023-08-11,-0.004997127711581782
2023-08-14,-0.002141030514944385
2023-08-15,0.004312349852237053
2023-08-16,0.002475392362915086
2023-08-17,0.004669816652751256
2023-08-18,-0.0002633153782647559
2023-08-21,0.0037180654546549196
2023-08-22,-0.007352524715579557
2023-08-23,-0.00803981274705482
2023-08-24,0.0015248021991710206
2023-08-25,-0.004807544912552819
2023-08-28,0.002194445786740069
2023-08-29,0.002292563358360741
2023-08-30,0.000296799652935777
2023-08-31,0.0005793629041476007
2023-09-01,-0.002223347426306404
2023-09-05,-0.0003830968831012692
2023-09-06,-0.005365641758599866
2023-09-07,0.002813934049282076
2023-09-08,-0.0018412048002590692
2023-09-11,0.0016742476243623442
2023-09-12,-0.0010546296206544647
2023-09-13,0.001574281268768167
2023-09-14,0.0011175542560667995
2023-09-15,-0.0010120128432336414
2023-09-18,-0.002047843410010675
2023-09-19,-0.0009030941316470069
2023-09-20,-0.0029971200670425822
2023-09-21,0.003859519178244537
2023-09-22,0.0007222032392015215
2023-09-25,0.0038857270748365916
2023-09-26,0.0017148306858536647
2023-09-27,-0.003888944452054167
2023-09-28,0.0014306508617529384
2023-09-29,0.00018972893708135726
2023-10-02,-0.0028978652773914665
2023-10-03,-0.0026914942196618746
2023-10-04,-0.0009452427756328783
2023-10-05,0.0015642926606917605
2023-10-06,-0.001453086359145793
2023-10-09,0.0020443616819643636
2023-10-10,-0.0005501922848931439
2023-10-11,0.0009935822393096825
2023-10-12,-0.0009768681221675362
2023-10-13,0.0012200293908027952
2023-10-16,-0.0009365980972479895
2023-10-17,-0.003677462246576063
2023-10-18,-0.002728837845442625
2023-10-19,-0.0024410643082815506
2023-10-20,-0.002636719672335966
2023-10-23,0.005229142273971674
2023-10-24,-0.0011233594654969131
2023-10-25,-0.0016846500951331767
2023-10-26,0.00045305293153637263
2023-10-27,0.0016840210302408562
2023-10-30,-0.0017316894040086148
2023-10-31,-0.00040167326344280236
2023-11-01,0.0008016391939441034
2023-11-02,-0.00011149313917999397
2023-11-03,0.0007159756135531005
2023-11-06,-0.00018357166408259961
2023-11-07,0.00020163063500513068
2023-11-08,-0.00012235459389792186
2023-11-09,-0.0005065456196607218
2023-11-10,-0.00028233643977084973
2023-11-13,-0.00014731880080636834
2023-11-14,0.0011345439881830714
2023-11-15,-0.00046017007737802487
2023-11-16,0.0005835623258652607
2023-11-17,0.000126166352554568
2023-11-20,-0.00016052251099036685
2023-11-21,0.00019766936215305552
2023-11-22,-0.0005164344089500396
2023-11-24,-0.00030468820705112983
2023-11-27,0.0004309231046924004
2023-11-28,0.00045774429110701897
2023-11-29,-0.00033895018778354926
2023-11-30,-0.0002902326670617773
2023-12-01,0.0008071084496669347
2023-12-04,-0.002151845656047903
2023-12-05,0.0016085808028554634
2023-12-06,0.0003604086791803851
2023-12-07,-0.00037965361291647585
2023-12-08,-0.0003262602038180866
2023-12-11,0.00014834226986545522
2023-12-12,0.0004003135571995628
2023-12-13,0.00036946077360940955
2023-12-14,0.00036600219699861315
2023-12-15,0.00018644774665246337
2023-12-18,9.54163348166366e-05
2023-12-19,-2.6135554061731065e-05
2023-12-20,0.0003893158597889795
2023-12-21,-0.00046293409705391744
2023-12-22,-0.0005347226623032946
2023-12-26,0.0006810634203299014
2023-12-27,0.00042515601278231426
2023-12-28,-0.0006235795852598395
2023-12-29,-0.00032474374472808145
2024-01-02,-9.939688506598808e-05
2024-01-03,-0.00030000000000000003
2024-01-04,0.0
2024-01-05,0.0
2024-01-08,0.0
2024-01-09,0.0
2024-01-10,0.0
2024-01-11,0.0
2024-01-12,0.0
2024-01-16,0.0
2024-01-17,0.0
2024-01-18,0.0
2024-01-19,0.0
2024-01-22,0.0
2024-01-23,0.0
2024-01-24,0.0
2024-01-25,0.0
2024-01-26,0.0
2024-01-29,0.0
2024-01-30,0.0
2024-01-31,0.0
2024-02-01,0.0
2024-02-02,0.006406660725526527
2024-02-05,0.0015035688790319697
2024-02-06,-0.003057917673998309
2024-02-07,-0.0005612726823107832
2024-02-08,0.0008729703324714225
2024-02-09,0.001718037718293849
2024-02-12,-0.0010162069754850226
2024-02-13,0.009131319983975521
2024-02-14,-0.004454358021246772
2024-02-15,-0.001447318224031245
2024-02-16,0.004294396090064158
2024-02-20,-0.0036843760210649307
2024-02-21,0.0007505799037821416
2024-02-22,0.004660855105769776
2024-02-23,0.003703196373283958
2024-02-26,0.0008169252156484501
2024-02-27,-0.002628021823013747
2024-02-28,-0.0021643599551162216
2024-02-29,0.001843184776549529
2024-03-01,4.127063995826088e-05
2024-03-04,0.0017212266872301293
2024-03-05,-0.001
2024-03-06,0.0
2024-03-07,0.0
2024-03-08,0.0
2024-03-11,0.0
2024-03-12,0.0
2024-03-13,0.0
2024-03-14,0.0
2024-03-15,0.0
2024-03-18,0.0
2024-03-19,0.0
2024-03-20,0.0
2024-03-21,0.0
2024-03-22,0.0
2024-03-25,0.0
2024-03-26,0.0
2024-03-27,0.0
2024-03-28,0.0
2024-04-01,0.0
2024-04-02,0.0
2024-04-03,0.0
2024-04-04,-0.0007709203775895569
2024-04-05,-0.00048757898017470335
2024-04-08,-0.0006486185870647324
2024-04-09,-0.00011375782692625526
2024-04-10,-0.003015441059669992
2024-04-11,0.0005358579608138647
2024-04-12,0.0006734685884912739
2024-04-15,1.6889893032895863e-05
2024-04-16,-0.0003334229148606693
2024-04-17,0.00024879239100916543
2024-04-18,-0.0008770132645161241
2024-04-19,0.0001324089734266933
2024-04-22,0.000145164375394454
2024-04-23,0.0009908485519558316
2024-04-24,0.0007640034323201563
2024-04-25,-0.000495534182709412
2024-04-26,-0.0005205996020023842
2024-04-29,-0.0005674054622228117
2024-04-30,0.0004517656407793851
2024-05-01,0.0004217734999473967
2024-05-02,0.0020329108024028045
2024-05-03,0.0007022568521650166
2024-05-06,-0.00017586037936891433
2024-05-07,-0.000640459793113264
2024-05-08,0.0007828541422336759
2024-05-09,-0.0003279465818025579
2024-05-10,0.00017189226132441988
2024-05-13,-0.00048475611678487553
2024-05-14,0.00020134762493706623
2024-05-15,0.0010212058158283605
2024-05-16,-0.0008356161489780434
2024-05-17,0.00018306952005845518
2024-05-20,7.22180035924102e-05
2024-05-21,8.960189465644607e-05
2024-05-22,-0.0010992235851659175
2024-05-23,-0.0004182540241203102
2024-05-24,-0.0012467827824600307
2024-05-28,0.001194334708904763
2024-05-29,0.000366162164359753
2024-05-30,-0.00011017123773874628
2024-05-31,0.0014213310601974586
2024-06-03,0.00020025230055341434
2024-06-04,-0.001
2024-06-05,0.0
2024-06-06,0.0
2024-06-07,0.0
2024-06-10,0.0
2024-06-11,0.0
2024-06-12,0.0
2024-06-13,0.0
2024-06-14,0.0
2024-06-17,0.0
2024-06-18,0.0
2024-06-20,0.0
2024-06-21,0.0
2024-06-24,0.0
2024-06-25,0.0
2024-06-26,0.0
2024-06-27,0.0
2024-06-28,0.0
2024-07-01,0.0
2024-07-02,0.0
2024-07-03,0.0
2024-07-05,-0.0019594459562201454
2024-07-08,0.000557513053678987
2024-07-09,-0.0005723472491977095
2024-07-10,0.0003555670208467781
2024-07-11,-0.0018380274225000869
2024-07-12,-0.00043760482586090686
2024-07-15,-0.0015985314499537987
2024-07-16,0.0014116056478754354
2024-07-17,-0.0005237201233973065
2024-07-18,-0.00034603385667403633
2024-07-19,0.0003873666822713906
2024-07-22,-0.00021225442644946644
2024-07-23,-0.0010161126430785266
2024-07-24,-0.002158927382128371
2024-07-25,0.0010882197003011925
2024-07-26,-0.0010867632358793026
2024-07-29,0.0005420081521780274
2024-07-30,-0.0003663984723752522
2024-07-31,-0.0022472091943716316
2024-08-01,0.0007159677846020189
2024-08-02,-0.002084755315174337
2024-08-05,-0.00030000000000000003
2024-08-06,0.0
2024-08-07,0.0
2024-08-08,0.0
2024-08-09,0.0
2024-08-12,0.0
2024-08-13,0.0
2024-08-14,0.0
2024-08-15,0.0
2024-08-16,0.0
2024-08-19,0.0
2024-08-20,0.0
2024-08-21,0.0
2024-08-22,0.0
2024-08-23,0.0
2024-08-26,0.0
2024-08-27,0.0
2024-08-28,0.0
2024-08-29,0.0
2024-08-30,0.0
2024-09-03,0.0
2024-09-04,0.0
2024-09-05,0.0
2024-09-06,0.0
2024-09-09,0.0
2024-09-10,0.0
2024-09-11,0.0
2024-09-12,0.0
2024-09-13,0.0
2024-09-16,0.0
2024-09-17,0.0
2024-09-18,0.0
2024-09-19,0.0
2024-09-20,0.0
2024-09-23,0.0
2024-09-24,0.0
2024-09-25,0.0
2024-09-26,0.0
2024-09-27,0.0
2024-09-30,0.0
2024-10-01,0.0
2024-10-02,0.0
2024-10-03,0.0
2024-10-04,0.0
2024-10-07,0.0
2024-10-08,0.0
2024-10-09,0.0
2024-10-10,0.0
2024-10-11,0.0
2024-10-14,0.0
2024-10-15,0.0
2024-10-16,0.0
2024-10-17,0.0
2024-10-18,0.0
2024-10-21,0.0
2024-10-22,0.0
2024-10-23,0.0
2024-10-24,0.0
2024-10-25,0.0
2024-10-28,0.0
2024-10-29,0.0
2024-10-30,0.0
2024-10-31,0.0
2024-11-01,-0.0010592520264138127
2024-11-04,0.0007275755182355168
2024-11-05,0.0021093470271959713
2024-11-06,-0.0008051686952011512
2024-11-07,-0.003184985268611854
2024-11-08,0.003235633938355802
2024-11-11,0.001120198761012738
2024-11-12,-4.683508170357149e-06
2024-11-13,-0.0029209892547352396
2024-11-14,0.0020907500152936437
2024-11-15,-0.0013699143444403704
2024-11-18,-0.0012789825108027912
2024-11-19,-0.0004457230815852795
2024-11-20,0.00014547301664689317
2024-11-21,0.00043598461605304765
2024-11-22,-0.00033767922834994455
2024-11-25,-0.00015226740056748417
2024-11-26,0.0004940121616250988
2024-11-27,-0.0016757858130188037
2024-11-29,0.0005231634776303468
2024-12-02,0.0008163014763573283
2024-12-03,-0.0016110662472521324
2024-12-04,0.00040466397211409065
2024-12-05,0.0005356816774896043
2024-12-06,-0.0014189124173895765
2024-12-09,-0.00043257572617945244
2024-12-10,-9.280112398846114e-05
2024-12-11,-0.0006944837130468571
2024-12-12,-0.0008253388436638377
2024-12-13,-4.5298071393289113e-05
2024-12-16,0.0004899172706039293
2024-12-17,0.00047743769784963283
2024-12-18,0.002889475051412873
2024-12-19,-0.0018891678378324234
2024-12-20,-0.0003879840397935774
2024-12-23,5.2893398006042515e-05
2024-12-24,0.0005200216009003022
2024-12-26,-0.000539728959786364
2024-12-27,-0.0007590060402232868
2024-12-30,-0.0012911934217122532
2024-12-31,-0.0007823436360092334
2025-01-02,0.0004932532845671142
2025-01-03,-0.0003
2025-01-06,0.0
2025-01-07,0.0
2025-01-08,0.0
2025-01-10,0.0
2025-01-13,0.0
2025-01-14,0.0
2025-01-15,0.0
2025-01-16,0.0
2025-01-17,0.0
2025-01-21,0.0
2025-01-22,0.0
2025-01-23,0.0
2025-01-24,0.0
2025-01-27,0.0
2025-01-28,0.0
2025-01-29,0.0
2025-01-30,0.0
2025-01-31,0.0
2025-02-03,0.0
2025-02-04,0.0
2025-02-05,0.0
2025-02-06,0.0
2025-02-07,0.0
2025-02-10,0.0
2025-02-11,0.0
2025-02-12,0.0
2025-02-13,0.0
2025-02-14,0.0
2025-02-18,0.0
2025-02-19,0.0
2025-02-20,0.0
2025-02-21,0.0
2025-02-24,0.0
2025-02-25,0.0
2025-02-26,0.0
2025-02-27,0.0
2025-02-28,0.0
2025-03-03,0.0
2025-03-04,0.0
2025-03-05,0.0
2025-03-06,0.0
2025-03-07,0.0
2025-03-10,0.0
2025-03-11,0.0
2025-03-12,0.0
2025-03-13,0.0
2025-03-14,0.0
2025-03-17,0.0
2025-03-18,0.0
2025-03-19,0.0
2025-03-20,0.0
2025-03-21,0.0
2025-03-24,0.0
2025-03-25,0.0
2025-03-26,0.0
2025-03-27,0.0
2025-03-28,0.0
2025-03-31,0.0
2025-04-01,0.0
2025-04-02,0.0
2025-04-03,0.0
2025-04-04,0.0
2025-04-07,0.0
2025-04-08,0.0
2025-04-09,0.0
2025-04-10,0.0
2025-04-11,0.0
2025-04-14,0.0
2025-04-15,0.0
2025-04-16,0.0
2025-04-17,0.0
2025-04-21,0.0
2025-04-22,0.0
2025-04-23,0.0
2025-04-24,0.0
2025-04-25,0.0
2025-04-28,0.0
2025-04-29,0.0
2025-04-30,0.0
2025-05-01,0.0
2025-05-02,0.0
2025-05-05,0.0
2025-05-06,0.0
2025-05-07,-0.0025399435691033337
2025-05-08,-0.0009554625711223006
2025-05-09,0.0001992983377423289
2025-05-12,-0.001888615652029721
2025-05-13,0.002540521218217968
2025-05-14,0.0010570399105739694
2025-05-15,0.001114797903608525
2025-05-16,-0.001829756125343045
2025-05-19,0.00341788043900154
2025-05-20,0.004789594728442625
2025-05-21,0.00770732952949206
2025-05-22,-0.0005769000439121595
2025-05-23,0.0014120694704320236
2025-05-27,-0.007035847294183436
2025-05-28,0.0003659294265375189
2025-05-29,-0.002212851917476373
2025-05-30,0.003803729285793512
2025-06-02,-0.0022002144385985514
2025-06-03,-0.0002011081565831912
2025-06-04,-0.00397275041971923
2025-06-05,-0.00472391103727377
2025-06-06,0.00037343579203506734
2025-06-09,0.001564029250835032
2025-06-10,-0.002767316957524362
2025-06-11,0.0036937451380311924
2025-06-12,-0.0040442782310703435
2025-06-13,0.003432773773782176
2025-06-16,0.0052913232925079785
2025-06-17,-0.004874583845826139
2025-06-18,2.6909592046910394e-05
2025-06-20,0.0036337713643223623
2025-06-23,0.002730093343513958
2025-06-24,-0.0017391120865445828
2025-06-25,0.0007321202808261099
2025-06-26,0.0009548468285619146
2025-06-27,0.0022563334800401198
2025-06-30,-0.003320108455018997
2025-07-01,-0.010779324915758587
2025-07-02,0.003100850168311977
2025-07-03,6.223012218138321e-05
2025-07-07,0.0053988949785995
2025-07-08,-5.463920015759871e-05
2025-07-09,-0.0014275166672081201
2025-07-10,-0.00023159754329182694
2025-07-11,0.001973146157947222
2025-07-14,0.0004108554414425993
2025-07-15,0.0004700085597105872
2025-07-16,0.0008491711577837973
2025-07-17,-0.00033456857053373255
2025-07-18,0.0007687853635414662
2025-07-21,-0.0007443557901180265
2025-07-22,-0.0005314931040217068
2025-07-23,8.31486141813996e-06
2025-07-24,-0.00037445200997285983
2025-07-25,-0.0005989997382693129
2025-07-28,0.001138755843997795
2025-07-29,-0.0021182609409885066
2025-07-30,-0.00017403889815320668
2025-07-31,-7.064723548915524e-05
2025-08-01,0.0008232542617289888
2025-08-04,-0.00030881270656609247
2025-08-05,-0.0010330118772014403
2025-08-06,0.001337563110400032
2025-08-07,-0.0001560956223728249
2025-08-08,0.00038886901985282443
2025-08-11,-0.0005030591047706433
2025-08-12,0.0012436920198372653
2025-08-13,-0.00021287382909978067
2025-08-14,0.00030079874071909664
2025-08-15,0.0009408473434401526
2025-08-18,0.00036030797601639474
2025-08-19,-0.00036334267015899997
2025-08-20,4.600109285112484e-07
2025-08-21,-0.00011094088781793604
2025-08-22,0.0008939588659271032
2025-08-25,7.38872792379346e-05
2025-08-26,0.0011101346830298352
2025-08-27,0.0010640430902873193
2025-08-28,-0.000998135886142549
2025-08-29,0.001764173551566336
2025-09-02,-0.0005868795356134204
2025-09-03,-0.0012057625509664142
2025-09-04,-0.00027069791700027327
2025-09-05,-0.001472595152294069
2025-09-08,-0.0018545645075569081
2025-09-09,0.00023527447006888635
2025-09-10,-0.00047835375968314803
2025-09-11,-0.000967428532597914
2025-09-12,-3.203968294475863e-05
2025-09-15,0.00015449502261228286
2025-09-16,-5.2958661763938444e-05
2025-09-17,-0.00041616627897909095
2025-09-18,0.001109974559447026
2025-09-19,0.00035563295888161586
2025-09-22,0.00012051050242564384
2025-09-23,-0.00048765519580883153
2025-09-24,-0.00026262510712529307
2025-09-25,-0.0009911027852569903
2025-09-26,0.00020374829273724163
2025-09-29,-0.0007856560690750463
2025-09-30,0.0006520203263264986
2025-10-01,-7.929580956530064e-05
2025-10-02,-0.00025483360395585336
2025-10-03,-0.0004110998755990627
2025-10-06,0.0007140318954877911
2025-10-07,-0.0016345980108245996
2025-10-08,-0.0006787770859956282
2025-10-09,-0.00018423098558870786
2025-10-10,-0.0028222649689585064
2025-10-13,0.003239300065139958
2025-10-14,-0.0006938335981135042
2025-10-15,-0.0001653203600328023
2025-10-16,0.0009546541715799743
2025-10-17,-0.0005850667641894564
2025-10-20,-0.001307755042498841
2025-10-21,-0.0012695489309942007
2025-10-22,-0.0002842960766572249
2025-10-23,0.0006466054677662928
2025-10-24,0.0013057355572606596
2025-10-27,-0.00257947835059408
2025-10-28,-0.0007129378882186839
2025-10-29,-0.00039730576480233293
2025-10-30,0.0014965738073024382
2025-10-31,0.00284077462844469
2025-11-03,-0.0032665300936236532
2025-11-04,0.000129464489694947
2025-11-05,-0.0009999999999999996
2025-11-06,0.0
2025-11-07,0.0
2025-11-10,0.0
2025-11-11,0.0
2025-11-12,0.0
2025-11-13,0.0
2025-11-14,0.0
2025-11-17,0.0
2025-11-18,0.0
2025-11-19,0.0
2025-11-20,0.0
2025-11-21,0.0
2025-11-24,0.0
2025-11-25,0.0
2025-11-26,0.0
2025-11-28,0.0
2025-12-01,0.0
2025-12-02,0.0
2025-12-03,0.0
2025-12-04,0.0
2025-12-05,0.0
2025-12-08,0.0
2025-12-09,0.0
2025-12-10,0.0
2025-12-11,0.0
2025-12-12,0.0
2025-12-15,0.0
2025-12-16,0.0
2025-12-17,0.0
2025-12-18,0.0
2025-12-19,0.0
2025-12-22,0.0
2025-12-23,0.0
2025-12-24,0.0
2025-12-26,0.0
2025-12-29,0.0
2025-12-30,0.0
2025-12-31,0.0
2026-01-02,0.0
2026-01-05,0.0
2026-01-06,0.0
2026-01-07,0.0
2026-01-08,0.0
2026-01-09,0.0
2026-01-12,0.0
2026-01-13,0.0
2026-01-14,0.0
2026-01-15,0.0
2026-01-16,0.0
2026-01-20,0.0
2026-01-21,0.0
2026-01-22,0.0
2026-01-23,0.0
2026-01-26,0.0
2026-01-27,0.0
2026-01-28,0.0
2026-01-29,0.0
2026-01-30,0.0
2026-02-02,0.0
2026-02-03,0.0
2026-02-04,0.0
2026-02-05,0.0
2026-02-06,0.0
2026-02-09,0.0
2026-02-10,0.0
2026-02-11,0.0
2026-02-12,0.0
2026-02-13,0.0
2026-02-17,0.0
2026-02-18,0.0
2026-02-19,0.0
