combo_id,k,strategies,method,sharpe,sortino,ann_ret,vol,mdd,calmar,total_ret
280,2,bh_tlt+bh_ief,equal_weight,-0.03138975396541326,-0.030474481746435914,-0.009040977415205376,0.2117936565829077,-0.6648623498099065,-0.013598269503138985,-0.13683685708010573
280,2,bh_tlt+bh_ief,min_variance,-0.06446436065138998,-0.06311011532175617,0.0026342484110435382,0.13274900870045636,-0.48834772459058223,0.005394206378768371,0.04354646910110138
280,2,bh_tlt+bh_ief,max_sharpe,-0.015810708632839288,-0.01543852072407512,-0.02924358735748178,0.2997159491775757,-0.7954503403493279,-0.03676356131124319,-0.3817620599233772
280,2,bh_tlt+bh_ief,risk_parity,-0.041089203858389996,-0.039889385048235484,-0.0035201692734369017,0.17967203824313102,-0.6040341952718512,-0.005827764886477357,-0.05553414721194916
284,2,bh_tlt+barbell_iei_tlt,equal_weight,-0.03513916120673809,-0.03422282185252883,-0.008043069779740342,0.2044051836869787,-0.6509076606141533,-0.012356698601690192,-0.12264517739100267
284,2,bh_tlt+barbell_iei_tlt,min_variance,-0.08467400119205645,-0.08250383427550056,0.0039193594877215965,0.11368934591688105,-0.44679685071460107,0.008772128723497098,0.06543038432498349
284,2,bh_tlt+barbell_iei_tlt,max_sharpe,-0.015810708632839288,-0.01543852072407512,-0.02924358735748178,0.2997159491775757,-0.7954503403493279,-0.03676356131124319,-0.3817620599233772
284,2,bh_tlt+barbell_iei_tlt,risk_parity,-0.050872898773007644,-0.049512436345622406,-0.0015146809205706102,0.16271623091040893,-0.56890950653837,-0.0026624285640557367,-0.024260898469352088
281,2,bh_tlt+bh_50_50,equal_weight,-0.037824948283350646,-0.03688006579205925,-0.013752152585715494,0.22506935887018054,-0.6805586292155223,-0.02020715335219179,-0.20097569872694088
281,2,bh_tlt+bh_50_50,min_variance,-0.08164042465337878,-0.07948834371271916,-0.0036086559357987325,0.15051063481921328,-0.5196645227334616,-0.006944202996227297,-0.05689208941360269
281,2,bh_tlt+bh_50_50,max_sharpe,-0.015810708632839288,-0.01543852072407512,-0.02924358735748178,0.2997159491775757,-0.7954503403493279,-0.03676356131124319,-0.3817620599233772
281,2,bh_tlt+bh_50_50,risk_parity,-0.04869478159834821,-0.04745596439012467,-0.009800942840772708,0.20042966930829395,-0.6332223691938513,-0.015477884733052285,-0.1474998722481602
2573,3,bh_tlt+bh_ief+barbell_iei_tlt,equal_weight,-0.042841731986934334,-0.04165651761463775,-0.0035410410015700444,0.1783528374532621,-0.6020328501072855,-0.005881806949469638,-0.05585461608510778
2573,3,bh_tlt+bh_ief+barbell_iei_tlt,min_variance,-0.08467400119205643,-0.08250383427550054,0.0039193594877215965,0.11368934591688105,-0.44679685071460107,0.008772128723497098,0.06543038432498349
2573,3,bh_tlt+bh_ief+barbell_iei_tlt,max_sharpe,-0.015810708632839267,-0.015438520724075101,-0.02924358735748178,0.29971594917757566,-0.7954503403493279,-0.03676356131124319,-0.3817620599233772
2573,3,bh_tlt+bh_ief+barbell_iei_tlt,risk_parity,-0.05575130129906037,-0.054197501421576706,0.0003535784960848609,0.15016299871756988,-0.5401683241316654,0.0006545709555502862,0.005744236152191773
2570,3,bh_tlt+bh_ief+bh_50_50,equal_weight,-0.0446413927385477,-0.043364888375324796,-0.006755457918961483,0.19103386738226308,-0.6212559711920518,-0.010873872014460101,-0.10400987194695233
2570,3,bh_tlt+bh_ief+bh_50_50,min_variance,-0.06446436065139005,-0.06311011532175624,0.0026342484110435382,0.13274900870045633,-0.48834772459058284,0.005394206378768364,0.043546469101099605
2570,3,bh_tlt+bh_ief+bh_50_50,max_sharpe,-0.01581070863283938,-0.015438520724075212,-0.02924358735748167,0.29971594917757566,-0.7954503403493277,-0.03676356131124306,-0.3817620599233761
2570,3,bh_tlt+bh_ief+bh_50_50,risk_parity,-0.05525034443823238,-0.053604056359383666,-0.0031989119804632926,0.16713827951492627,-0.5721850346764679,-0.005590694944113773,-0.0505886020831714
2576,3,bh_tlt+bh_50_50+barbell_iei_tlt,equal_weight,-0.04769241320616871,-0.04637142334878281,-0.006217289702114881,0.18628403530820076,-0.6110561011868132,-0.010174662670153291,-0.09611157447848317
2576,3,bh_tlt+bh_50_50+barbell_iei_tlt,min_variance,-0.0846740011920565,-0.08250383427550062,0.0039193594877215965,0.11368934591688107,-0.44679685071460107,0.008772128723497098,0.06543038432498371
2576,3,bh_tlt+bh_50_50+barbell_iei_tlt,max_sharpe,-0.015810708632839333,-0.015438520724075165,-0.02924358735748178,0.29971594917757566,-0.7954503403493277,-0.036763561311243205,-0.3817620599233772
2576,3,bh_tlt+bh_50_50+barbell_iei_tlt,risk_parity,-0.06158188769988694,-0.05991755222233546,-0.002094853980528888,0.15747557390403885,-0.550875706829007,-0.003802770669607936,-0.0334064798329855
15227,4,bh_tlt+bh_ief+bh_50_50+barbell_iei_tlt,equal_weight,-0.05148597202999913,-0.050030702199404746,-0.0034138214018852864,0.17097174309319857,-0.5825171058876614,-0.005860465499434866,-0.05389967426993447
15227,4,bh_tlt+bh_ief+bh_50_50+barbell_iei_tlt,min_variance,-0.08467400119205636,-0.08250383427550045,0.0039193594877215965,0.1136893459168811,-0.4467968507146014,0.008772128723497091,0.06543038432498349
15227,4,bh_tlt+bh_ief+bh_50_50+barbell_iei_tlt,max_sharpe,-0.015810708632839288,-0.01543852072407512,-0.02924358735748178,0.2997159491775757,-0.7954503403493279,-0.03676356131124319,-0.3817620599233772
15227,4,bh_tlt+bh_ief+bh_50_50+barbell_iei_tlt,risk_parity,-0.06287999557005715,-0.06114046276230698,-0.0004649148125012159,0.14897602151636952,-0.5337790019339828,-0.00087098745139232,-0.0075061654532067035
62,2,steep_10s20s+bh_tlt,equal_weight,-0.054561353622456225,-0.05302346870230957,-0.005201997004258607,0.1765324824597557,-0.5779263443404029,-0.009001141849997743,-0.08103268666201335
62,2,steep_10s20s+bh_tlt,min_variance,-0.2484701444153041,-0.2424313622188856,0.0037734624804548478,0.05845764949974033,-0.2122225816102369,0.017780683147965385,0.062924437864047
62,2,steep_10s20s+bh_tlt,max_sharpe,-0.015810708632839197,-0.015438520724075033,-0.02924358735748178,0.29971594917757566,-0.7954503403493282,-0.036763561311243184,-0.3817620599233772
62,2,steep_10s20s+bh_tlt,risk_parity,-0.13464932461467305,-0.13062904460684122,0.0025069725408728427,0.0958341565612972,-0.35474259845364947,0.007067018598276414,0.04140222033980523
1040,3,steep_10s20s+bh_tlt+bh_ief,equal_weight,-0.05810385210429131,-0.0564334780303085,-0.002010296134045575,0.15960664319595175,-0.5489375347575135,-0.003662158272586696,-0.03207857449459228
1040,3,steep_10s20s+bh_tlt+bh_ief,min_variance,-0.24847014441530438,-0.2424313622188858,0.0037734624804548478,0.0584576494997403,-0.2122225816102367,0.017780683147965402,0.06292443786404678
1040,3,steep_10s20s+bh_tlt+bh_ief,max_sharpe,-0.015810708632839288,-0.01543852072407512,-0.02924358735748178,0.2997159491775757,-0.7954503403493279,-0.03676356131124319,-0.3817620599233772
1040,3,steep_10s20s+bh_tlt+bh_ief,risk_parity,-0.11157009279663099,-0.10823789923915868,0.0027577780143774877,0.10508531960044024,-0.3937647303420295,0.007003618663312083,0.045631564401180436
1044,3,steep_10s20s+bh_tlt+barbell_iei_tlt,equal_weight,-0.0623892517528143,-0.06055455287302232,-0.0015418831099551777,0.15435476150236224,-0.5370102071254473,-0.002871236132007057,-0.024691509144273094
1044,3,steep_10s20s+bh_tlt+barbell_iei_tlt,min_variance,-0.24847014441530438,-0.2424313622188858,0.0037734624804548478,0.0584576494997403,-0.212222581610235,0.017780683147965545,0.06292443786404922
1044,3,steep_10s20s+bh_tlt+barbell_iei_tlt,max_sharpe,-0.015810708632839288,-0.01543852072407512,-0.02924358735748178,0.2997159491775757,-0.7954503403493279,-0.03676356131124319,-0.3817620599233772
1044,3,steep_10s20s+bh_tlt+barbell_iei_tlt,risk_parity,-0.11923531444036335,-0.1158493221266136,0.003053812028942504,0.10012512640260963,-0.382404280003772,0.007985820736400705,0.050644336201438156
1041,3,steep_10s20s+bh_tlt+bh_50_50,equal_weight,-0.06269878778068241,-0.060956979149064165,-0.00457655490119202,0.1677409067726129,-0.5591480299157844,-0.00818487172686867,-0.0716266253064608
1041,3,steep_10s20s+bh_tlt+bh_50_50,min_variance,-0.24847014441530427,-0.24243136221888573,0.0037734624804548478,0.0584576494997403,-0.21222258161023538,0.017780683147965513,0.06292443786404922
1041,3,steep_10s20s+bh_tlt+bh_50_50,max_sharpe,-0.015810708632839288,-0.01543852072407512,-0.02924358735748178,0.2997159491775757,-0.7954503403493279,-0.03676356131124319,-0.3817620599233772
1041,3,steep_10s20s+bh_tlt+bh_50_50,risk_parity,-0.1193132518679001,-0.11557969643710492,0.0014459172595724379,0.10728240919886245,-0.39476460283006826,0.0036627328012862705,0.023686555488027006
7908,4,steep_10s20s+bh_tlt+bh_ief+barbell_iei_tlt,equal_weight,-0.06342467081175697,-0.061541466899934935,-0.00025638674428318797,0.14760744404787549,-0.5248487994124492,-0.0004884963909038268,-0.004145989872443634
7908,4,steep_10s20s+bh_tlt+bh_ief+barbell_iei_tlt,min_variance,-0.24847014441530432,-0.24243136221888575,0.0037734624804548478,0.0584576494997403,-0.21222258161023602,0.017780683147965458,0.06292443786404833
7908,4,steep_10s20s+bh_tlt+bh_ief+barbell_iei_tlt,max_sharpe,-0.015810708632839288,-0.01543852072407512,-0.02924358735748178,0.2997159491775757,-0.7954503403493279,-0.03676356131124319,-0.3817620599233772
7908,4,steep_10s20s+bh_tlt+bh_ief+barbell_iei_tlt,risk_parity,-0.10557028252268297,-0.10261753765079627,0.0030935660670703413,0.106485313124879,-0.40587969984442795,0.007621879261899752,0.0513192097702837
7905,4,steep_10s20s+bh_tlt+bh_ief+bh_50_50,equal_weight,-0.06389326632578665,-0.06195434170068117,-0.002340528422828947,0.15693764312411143,-0.541621597275,-0.004321335106658569,-0.03725488607207594
7905,4,steep_10s20s+bh_tlt+bh_ief+bh_50_50,min_variance,-0.24847014441530427,-0.24243136221888573,0.0037734624804548478,0.0584576494997403,-0.2122225816102358,0.017780683147965475,0.06292443786404833
7905,4,steep_10s20s+bh_tlt+bh_ief+bh_50_50,max_sharpe,-0.015810708632839288,-0.01543852072407512,-0.02924358735748178,0.2997159491775757,-0.7954503403493279,-0.03676356131124319,-0.3817620599233772
7905,4,steep_10s20s+bh_tlt+bh_ief+bh_50_50,risk_parity,-0.1056351023469538,-0.1024089765343968,0.0018430046267781108,0.11225383554141363,-0.41756377988499704,0.004413708074214914,0.030283059756242237
7911,4,steep_10s20s+bh_tlt+bh_50_50+barbell_iei_tlt,equal_weight,-0.06720741813623933,-0.0652846644527445,-0.0020241738078672356,0.15317500473333345,-0.5326280974214883,-0.0038003511599678753,-0.03229662829152746
7911,4,steep_10s20s+bh_tlt+bh_50_50+barbell_iei_tlt,min_variance,-0.24847014441530432,-0.24243136221888575,0.00377346248045507,0.05845764949974031,-0.2122225816102348,0.017780683147966606,0.06292443786404966
7911,4,steep_10s20s+bh_tlt+bh_50_50+barbell_iei_tlt,max_sharpe,-0.015810708632839288,-0.01543852072407512,-0.02924358735748178,0.2997159491775757,-0.7954503403493279,-0.03676356131124319,-0.3817620599233772
7911,4,steep_10s20s+bh_tlt+bh_50_50+barbell_iei_tlt,risk_parity,-0.11114225930600528,-0.10759353079403389,0.0021198368628179143,0.1082147566293855,-0.40782429545106974,0.005197917060025301,0.03490543085392783
42023,5,steep_10s20s+bh_tlt+bh_ief+bh_50_50+barbell_iei_tlt,equal_weight,-0.06732070603505341,-0.06532920592085616,-0.0008634216956321383,0.14775711444624534,-0.5236505514034278,-0.001648850924186168,-0.013898047996700025
42023,5,steep_10s20s+bh_tlt+bh_ief+bh_50_50+barbell_iei_tlt,min_variance,-0.24847014441530416,-0.24243136221888564,0.0037734624804548478,0.05845764949974032,-0.2122225816102358,0.017780683147965475,0.06292443786404833
42023,5,steep_10s20s+bh_tlt+bh_ief+bh_50_50+barbell_iei_tlt,max_sharpe,-0.015810708632839288,-0.01543852072407512,-0.02924358735748178,0.2997159491775757,-0.7954503403493279,-0.03676356131124319,-0.3817620599233772
42023,5,steep_10s20s+bh_tlt+bh_ief+bh_50_50+barbell_iei_tlt,risk_parity,-0.10183571777962214,-0.09883233717238919,0.0023005282331929333,0.1121142850960202,-0.4232580105707377,0.005435285749443491,0.03793298965220293
173,2,flat_10s2s+bh_tlt,equal_weight,-0.06798075904676373,-0.0662068541951536,-0.002770429122974538,0.15600522338595244,-0.523394264763655,-0.0052931973265422745,-0.0439545660596512
173,2,flat_10s2s+bh_tlt,min_variance,-0.888750996500552,-0.885281094784652,0.0033618857828230375,0.018533857406219132,-0.04437537655040923,0.07576016349977394,0.05588491462098655
173,2,flat_10s2s+bh_tlt,max_sharpe,-0.015810708632839197,-0.015438520724075033,-0.02924358735748178,0.29971594917757566,-0.7954503403493282,-0.036763561311243184,-0.3817620599233772
173,2,flat_10s2s+bh_tlt,risk_parity,-0.4615363282768633,-0.4488640307294052,0.0037462943092394507,0.033980749083961224,-0.11088959646398919,0.033784001643977844,0.06245840496090027
2020,3,flat_10s2s+bh_tlt+bh_ief,equal_weight,-0.06836107541043072,-0.0661636324356555,-0.000457887311616334,0.14515222679861958,-0.510872104191363,-0.0008962856023252703,-0.007393099269866865
2020,3,flat_10s2s+bh_tlt+bh_ief,min_variance,-0.8887509965005527,-0.8852810947846527,0.0033618857828230375,0.01853385740621912,-0.044375376550408845,0.07576016349977459,0.05588491462098655
2020,3,flat_10s2s+bh_tlt+bh_ief,max_sharpe,-0.015810708632839267,-0.015438520724075101,-0.02924358735748167,0.29971594917757566,-0.7954503403493277,-0.03676356131124306,-0.38176205992337675
2020,3,flat_10s2s+bh_tlt+bh_ief,risk_parity,-0.36899665652370395,-0.35759449105096847,0.0041998764704669345,0.04060839354550854,-0.14578618891411968,0.02880846602651102,0.07026416456697171
188,2,flat_30s2s+bh_tlt,equal_weight,-0.06922691805233586,-0.06747866123548836,-0.003404766006759097,0.15796016895305862,-0.5225967345586364,-0.0065150923869331506,-0.053760378293333244
188,2,flat_30s2s+bh_tlt,min_variance,-0.641298614746718,-0.6482250173800286,0.0025148692379257653,0.026713715861479817,-0.07982956212859696,0.031502981738451445,0.04153513761110972
188,2,flat_30s2s+bh_tlt,max_sharpe,-0.015810708632839288,-0.01543852072407512,-0.02924358735748178,0.2997159491775757,-0.7954503403493279,-0.03676356131124319,-0.3817620599233772
188,2,flat_30s2s+bh_tlt,risk_parity,-0.3556471456365663,-0.3492953513318515,0.0029473304647607,0.04510100141515271,-0.14496406208419677,0.02033145610288471,0.048838682988572746
2572,3,bh_tlt+bh_ief+barbell_shy_ief,equal_weight,-0.06943187884020997,-0.06750180934414166,-0.0026782105790467137,0.15458152211811754,-0.5488311830000987,-0.004879844043129437,-0.0425211053848209
2572,3,bh_tlt+bh_ief+barbell_shy_ief,min_variance,-0.4084363023550703,-0.3999158702775449,2.6809445422992795e-05,0.04627981027768736,-0.21531523843796835,0.00012451253156759971,0.00043446537802283025
2572,3,bh_tlt+bh_ief+barbell_shy_ief,max_sharpe,-0.01581070863283924,-0.015438520724075075,-0.02924358735748178,0.2997159491775757,-0.7954503403493284,-0.03676356131124317,-0.38176205992337797
2572,3,bh_tlt+bh_ief+barbell_shy_ief,risk_parity,-0.169776941449811,-0.16507499336892725,0.0009954605628548219,0.08874635585040894,-0.37068022017867436,0.0026854968478625387,0.016251450086574915
2125,3,flat_30s2s+bh_tlt+bh_ief,equal_weight,-0.06954635220131135,-0.06746319583251656,-0.0007773552299069619,0.14583928724241682,-0.5096163746970661,-0.001525373336696744,-0.012520857062101709
2125,3,flat_30s2s+bh_tlt+bh_ief,min_variance,-0.6412986147467182,-0.6482250173800288,0.0025148692379257653,0.026713715861479807,-0.07982956212859696,0.031502981738451445,0.04153513761110972
2125,3,flat_30s2s+bh_tlt+bh_ief,max_sharpe,-0.015810708632839288,-0.01543852072407512,-0.02924358735748178,0.2997159491775757,-0.7954503403493279,-0.03676356131124319,-0.3817620599233772
2125,3,flat_30s2s+bh_tlt+bh_ief,risk_parity,-0.3067339805912069,-0.2977239996217821,0.0036592038644875924,0.049328909321940055,-0.17486178325822901,0.020926264140197083,0.06096577922215585
1764,3,steep_5s30s+bh_tlt+bh_ief,equal_weight,-0.06969203368357013,-0.06769610506395257,0.0006587384004208552,0.13896958554161806,-0.5093156394772826,0.0012933794868284962,0.010726739994565415
1764,3,steep_5s30s+bh_tlt+bh_ief,min_variance,-0.4263420577273844,-0.42995987889143417,0.0042349496362896755,0.035519283935280026,-0.1340979345053686,0.03158102063175425,0.07086997943801299
1764,3,steep_5s30s+bh_tlt+bh_ief,max_sharpe,-0.015810708632839246,-0.015438520724075082,-0.02924358735748167,0.2997159491775756,-0.7954503403493277,-0.03676356131124306,-0.38176205992337664
1764,3,steep_5s30s+bh_tlt+bh_ief,risk_parity,-0.28981018295267397,-0.29158868485197625,0.005015012741535152,0.04780717636970169,-0.1955908933191551,0.025640318199027363,0.08442736965262188
2496,3,bfly_2s10s30s_neg+bh_tlt+bh_ief,equal_weight,-0.06982409346036385,-0.06774520977513478,-9.246112497540704e-05,0.14244637011472297,-0.5122133724040234,-0.00018051290723131608,-0.0014970379510474974
2496,3,bfly_2s10s30s_neg+bh_tlt+bh_ief,min_variance,-0.5779483450314129,-0.5694474016556699,0.0032143551408543303,0.028356650126342815,-0.08343345207221284,0.03852597562512768,0.05337224879089342
2496,3,bfly_2s10s30s_neg+bh_tlt+bh_ief,max_sharpe,-0.015810708632839173,-0.015438520724075007,-0.02924358735748178,0.2997159491775757,-0.7954503403493287,-0.036763561311243156,-0.3817620599233782
2496,3,bfly_2s10s30s_neg+bh_tlt+bh_ief,risk_parity,-0.3225931920817174,-0.3188824920017889,0.004210067842371545,0.04573254763480454,-0.17956474415245902,0.02344596018691173,0.07044016584154456
283,2,bh_tlt+barbell_shy_ief,equal_weight,-0.07005260535095825,-0.06804807364676378,-0.006039958029819159,0.168738025228038,-0.5774801216939501,-0.010459161801278736,-0.09349473130009656
283,2,bh_tlt+barbell_shy_ief,min_variance,-0.4084363023550703,-0.3999158702775449,2.6809445422992795e-05,0.04627981027768736,-0.21531523843796835,0.00012451253156759971,0.00043446537802283025
283,2,bh_tlt+barbell_shy_ief,max_sharpe,-0.01581070863283922,-0.015438520724075056,-0.02924358735748178,0.29971594917757566,-0.7954503403493282,-0.036763561311243184,-0.3817620599233772
283,2,bh_tlt+barbell_shy_ief,risk_parity,-0.22128839159769917,-0.21504521818116873,0.0001014849411216101,0.0766470971663774,-0.33308924351484226,0.0003046779297065112,0.001645566708287749
1900,3,steep_10s30s+bh_tlt+bh_ief,equal_weight,-0.0702765304274139,-0.06825156532100662,1.1172163617123587e-05,0.1416546449092681,-0.5128019592900674,2.1786507275811774e-05,0.00018103102396316295
1900,3,steep_10s30s+bh_tlt+bh_ief,min_variance,-0.41872172394073526,-0.41640014247594553,0.0031209868215951175,0.038547988470389795,-0.12332928447170674,0.025306129318467832,0.05178494773232312
1900,3,steep_10s30s+bh_tlt+bh_ief,max_sharpe,-0.015810708632839288,-0.01543852072407512,-0.02924358735748178,0.2997159491775757,-0.7954503403493279,-0.03676356131124319,-0.3817620599233772
1900,3,steep_10s30s+bh_tlt+bh_ief,risk_parity,-0.2589203326036458,-0.257693076543211,0.00413472075242205,0.05538442930527705,-0.21778212456736964,0.018985583691204178,0.06913959061869224
2571,3,bh_tlt+bh_ief+barbell_shy_tlt,equal_weight,-0.07076595941061119,-0.0688372817101679,-0.0032643244679514405,0.1562686778045731,-0.5523324060922261,-0.00591007232591451,-0.051597550179431906
2571,3,bh_tlt+bh_ief+barbell_shy_tlt,min_variance,-0.41043653361850346,-0.3953357532872275,-0.0010516406642939735,0.04843430139957886,-0.23218841443666416,-0.004529255548109347,-0.01690355276082567
2571,3,bh_tlt+bh_ief+barbell_shy_tlt,max_sharpe,-0.015810708632839246,-0.015438520724075082,-0.02924358735748167,0.2997159491775756,-0.7954503403493276,-0.036763561311243066,-0.3817620599233761
2571,3,bh_tlt+bh_ief+barbell_shy_tlt,risk_parity,-0.1672691635848631,-0.1626952128279761,0.000151404283062595,0.09287707530915944,-0.3847476842207733,0.0003935157748102708,0.002455935064919812
140,2,steep_5s30s+bh_tlt,equal_weight,-0.07090428068834251,-0.06904304756462332,-0.0006947524241711633,0.1445444403588609,-0.5201522862836138,-0.0013356711918638931,-0.0111973927954937
140,2,steep_5s30s+bh_tlt,min_variance,-0.4261759861764635,-0.4298001798029946,0.004240289798204566,0.03552054270465099,-0.13428840478787468,0.03157599351114963,0.07096224767678305
140,2,steep_5s30s+bh_tlt,max_sharpe,-0.015810708632839288,-0.01543852072407512,-0.02924358735748178,0.2997159491775757,-0.7954503403493279,-0.03676356131124319,-0.3817620599233772
140,2,steep_5s30s+bh_tlt,risk_parity,-0.015810708632839288,-0.01543852072407512,-0.02924358735748178,0.2997159491775757,-0.7954503403493279,-0.03676356131124319,-0.3817620599233772
257,2,bfly_2s10s30s_neg+bh_tlt,equal_weight,-0.07091555650125575,-0.06879270696125789,-0.0018960216817275333,0.1500445534314444,-0.5246151378148529,-0.00361411927536997,-0.030281276589001815
257,2,bfly_2s10s30s_neg+bh_tlt,min_variance,-0.5776780503043594,-0.5692559064786027,0.003220878308711761,0.028358569078739952,-0.08342571516363374,0.038607739860476255,0.05348322937165073
257,2,bfly_2s10s30s_neg+bh_tlt,max_sharpe,-0.015810708632839288,-0.01543852072407512,-0.02924358735748178,0.2997159491775757,-0.7954503403493279,-0.03676356131124319,-0.3817620599233772
257,2,bfly_2s10s30s_neg+bh_tlt,risk_parity,-0.41299844109709405,-0.4085230682952433,0.0038628586861941816,0.03739783935748323,-0.14421918165615416,0.026784638782682654,0.0644592620478337
282,2,bh_tlt+barbell_shy_tlt,equal_weight,-0.07163395781981871,-0.06972351385499508,-0.007048475630812789,0.1718314156907097,-0.5833270889474791,-0.012083230428284485,-0.10828300230318899
282,2,bh_tlt+barbell_shy_tlt,min_variance,-0.4104365336185036,-0.3953357532872276,-0.0010516406642939735,0.04843430139957887,-0.23218841443666405,-0.004529255548109349,-0.01690355276082567
282,2,bh_tlt+barbell_shy_tlt,max_sharpe,-0.015810708632839173,-0.015438520724075007,-0.02924358735748178,0.2997159491775757,-0.7954503403493287,-0.036763561311243156,-0.3817620599233782
282,2,bh_tlt+barbell_shy_tlt,risk_parity,-0.216463509331904,-0.21062233611002443,-0.0010784443919225062,0.08188924725973738,-0.34960811663149927,-0.0030847235536560183,-0.017330858326691345
157,2,steep_10s30s+bh_tlt,equal_weight,-0.07186041109738799,-0.06966793690732992,-0.0016429863327551697,0.14825555960803538,-0.5252604627639523,-0.003127945941542366,-0.026290410794188923
157,2,steep_10s30s+bh_tlt,min_variance,-0.4185429327974739,-0.4163557893051009,0.0031272886642441655,0.03854932462266274,-0.12314603999546002,0.02539495922369455,0.051892011067366184
157,2,steep_10s30s+bh_tlt,max_sharpe,-0.015810708632839288,-0.01543852072407512,-0.02924358735748178,0.2997159491775757,-0.7954503403493279,-0.03676356131124319,-0.3817620599233772
157,2,steep_10s30s+bh_tlt,risk_parity,-0.32267467392396965,-0.32238087392246545,0.0037828283327319134,0.046875938337934936,-0.18279070890208682,0.020694861108932035,0.06308514073196125
13400,4,flat_10s2s+bh_tlt+bh_ief+bh_50_50,equal_weight,-0.07189783882314825,-0.06973418008456511,-0.0012063335183836177,0.146235407747466,-0.5129810202113954,-0.0023516143304609933,-0.019367271071904946
13400,4,flat_10s2s+bh_tlt+bh_ief+bh_50_50,min_variance,-0.8887509965005527,-0.8852810947846526,0.0033618857828230375,0.01853385740621912,-0.04437537655040903,0.07576016349977427,0.05588491462098677
13400,4,flat_10s2s+bh_tlt+bh_ief+bh_50_50,max_sharpe,-0.015810708632839333,-0.015438520724075165,-0.02924358735748178,0.29971594917757566,-0.7954503403493283,-0.03676356131124318,-0.38176205992337786
13400,4,flat_10s2s+bh_tlt+bh_ief+bh_50_50,risk_parity,-0.31235567189967545,-0.30255836390650087,0.004025305130459511,0.04754928824918083,-0.17657292201302555,0.02279684271273808,0.06725359392889252
13403,4,flat_10s2s+bh_tlt+bh_ief+barbell_iei_tlt,equal_weight,-0.0720863247601073,-0.06991810862819282,0.0008184825457555611,0.13662375946655417,-0.4952228610652549,0.0016527559814079557,0.013344191380162851
13403,4,flat_10s2s+bh_tlt+bh_ief+barbell_iei_tlt,min_variance,-0.8887509965005526,-0.8852810947846526,0.0033618857828230375,0.018533857406219125,-0.04437537655040902,0.0757601634997743,0.05588491462098699
13403,4,flat_10s2s+bh_tlt+bh_ief+barbell_iei_tlt,max_sharpe,-0.015810708632839288,-0.01543852072407512,-0.02924358735748178,0.2997159491775757,-0.7954503403493279,-0.03676356131124319,-0.3817620599233772
13403,4,flat_10s2s+bh_tlt+bh_ief+barbell_iei_tlt,risk_parity,-0.3210593464270678,-0.3107104830614407,0.004441356154472942,0.04529567670160852,-0.17311110407085867,0.025656102064111293,0.07444173965561784
2021,3,flat_10s2s+bh_tlt+bh_50_50,equal_weight,-0.07247071014835096,-0.07049858163479823,-0.003031840175481637,0.15407815136405367,-0.5220802052443066,-0.0058072306611642015,-0.048007047404541536
2021,3,flat_10s2s+bh_tlt+bh_50_50,min_variance,-0.8887509965005527,-0.8852810947846527,0.0033618857828230375,0.01853385740621912,-0.044375376550408845,0.07576016349977459,0.05588491462098655
2021,3,flat_10s2s+bh_tlt+bh_50_50,max_sharpe,-0.015810708632839288,-0.01543852072407512,-0.02924358735748178,0.2997159491775757,-0.7954503403493279,-0.03676356131124319,-0.3817620599233772
2021,3,flat_10s2s+bh_tlt+bh_50_50,risk_parity,-0.3683564819999963,-0.3568081248806111,0.003662436170579042,0.04197876981966933,-0.14806302900453666,0.024735656127005377,0.061021141895862385
15230,4,bh_tlt+bh_ief+barbell_shy_ief+barbell_iei_tlt,equal_weight,-0.0726215604068227,-0.07072520757764257,-0.0008219226391804613,0.14398337120620006,-0.5248569972412963,-0.0015659934867984485,-0.013234226763390922
15230,4,bh_tlt+bh_ief+barbell_shy_ief+barbell_iei_tlt,min_variance,-0.4084363023550701,-0.3999158702775446,2.6809445422992795e-05,0.04627981027768736,-0.21531523843796818,0.00012451253156759982,0.00043446537802283025
15230,4,bh_tlt+bh_ief+barbell_shy_ief+barbell_iei_tlt,max_sharpe,-0.015810708632839288,-0.01543852072407512,-0.02924358735748178,0.2997159491775757,-0.7954503403493279,-0.03676356131124319,-0.3817620599233772
15230,4,bh_tlt+bh_ief+barbell_shy_ief+barbell_iei_tlt,risk_parity,-0.1492854043956174,-0.14540398603547403,0.0016677713122257298,0.09351835793752335,-0.38631054542795973,0.004317177804137217,0.027367143211741496
15226,4,bh_tlt+bh_ief+bh_50_50+barbell_shy_ief,equal_weight,-0.07262595402379758,-0.0706222684852938,-0.002843941020142182,0.15313536765782723,-0.5415109260693327,-0.005251862673917786,-0.045095804842779086
15226,4,bh_tlt+bh_ief+bh_50_50+barbell_shy_ief,min_variance,-0.4084363023550703,-0.3999158702775449,2.6809445422992795e-05,0.04627981027768736,-0.21531523843796835,0.00012451253156759971,0.00043446537802283025
15226,4,bh_tlt+bh_ief+bh_50_50+barbell_shy_ief,max_sharpe,-0.015810708632839243,-0.015438520724075078,-0.02924358735748178,0.29971594917757566,-0.7954503403493282,-0.036763561311243184,-0.3817620599233772
15226,4,bh_tlt+bh_ief+bh_50_50+barbell_shy_ief,risk_parity,-0.15178834876005862,-0.14727437681146419,0.0006367218741047953,0.09674010076945969,-0.39387974641327356,0.001616538753015045,0.010366491005648237
13855,4,flat_30s2s+bh_tlt+bh_ief+bh_50_50,equal_weight,-0.07272738488721205,-0.07055378342432704,-0.00145852762018861,0.1468343853969565,-0.5120699633373944,-0.002848297546457749,-0.023371427428438785
13855,4,flat_30s2s+bh_tlt+bh_ief+bh_50_50,min_variance,-0.6412986147467179,-0.6482250173800285,0.0025148692379257653,0.02671371586147981,-0.07982956212859696,0.031502981738451445,0.04153513761110972
13855,4,flat_30s2s+bh_tlt+bh_ief+bh_50_50,max_sharpe,-0.015810708632839197,-0.015438520724075033,-0.02924358735748178,0.29971594917757566,-0.7954503403493282,-0.036763561311243184,-0.3817620599233772
13855,4,flat_30s2s+bh_tlt+bh_ief+bh_50_50,risk_parity,-0.26138542881572835,-0.2534372011888967,0.0034105849917855924,0.057225548173156233,-0.20772679581384906,0.016418608771311006,0.05671556824423707
12163,4,steep_5s30s+bh_tlt+bh_ief+barbell_iei_tlt,equal_weight,-0.07301578102817015,-0.07092202466291066,0.0015604074583264183,0.13244311838587894,-0.4942159790908577,0.003157339147950839,0.025584415136639116
12163,4,steep_5s30s+bh_tlt+bh_ief+barbell_iei_tlt,min_variance,-0.42640105749757135,-0.42991421654671785,0.004232982539105867,0.03551898768092867,-0.13402798355881979,0.03158282641212887,0.07083599347334713
12163,4,steep_5s30s+bh_tlt+bh_ief+barbell_iei_tlt,max_sharpe,-0.01581070863283922,-0.015438520724075056,-0.02924358735748178,0.29971594917757566,-0.7954503403493284,-0.03676356131124317,-0.3817620599233782
12163,4,steep_5s30s+bh_tlt+bh_ief+barbell_iei_tlt,risk_parity,-0.2651930655746127,-0.2645284761002993,0.005173952064884357,0.05104528731877528,-0.21260317874035445,0.02433619335110291,0.08720938974384729
13858,4,flat_30s2s+bh_tlt+bh_ief+barbell_iei_tlt,equal_weight,-0.0730937393784651,-0.07084705903333147,0.0006025585175826187,0.13699635378755398,-0.49419285871801966,0.0012192780752552945,0.009807726041946907
13858,4,flat_30s2s+bh_tlt+bh_ief+barbell_iei_tlt,min_variance,-0.641298614746718,-0.6482250173800286,0.0025148692379257653,0.02671371586147981,-0.07982956212859696,0.031502981738451445,0.04153513761110972
13858,4,flat_30s2s+bh_tlt+bh_ief+barbell_iei_tlt,max_sharpe,-0.015810708632839173,-0.015438520724075007,-0.02924358735748178,0.2997159491775757,-0.7954503403493287,-0.036763561311243156,-0.3817620599233782
13858,4,flat_30s2s+bh_tlt+bh_ief+barbell_iei_tlt,risk_parity,-0.2752577471404701,-0.2661668522509574,0.003971560788185613,0.053131597908013875,-0.1966073582547261,0.02020046870799223,0.06632834655657804
15097,4,bfly_2s10s30s_neg+bh_tlt+bh_ief+barbell_iei_tlt,equal_weight,-0.07314877769272177,-0.07102881731935472,0.0010378111160427306,0.1348795531445428,-0.4963854400015854,0.002090736416522241,0.016948311903919988
15097,4,bfly_2s10s30s_neg+bh_tlt+bh_ief+barbell_iei_tlt,min_variance,-0.5780490168853611,-0.5695172401839629,0.003211784477854751,0.028356167770542822,-0.08343655300461376,0.0384937340074098,0.05332851635566849
15097,4,bfly_2s10s30s_neg+bh_tlt+bh_ief+barbell_iei_tlt,max_sharpe,-0.015810708632839288,-0.01543852072407512,-0.02924358735748178,0.2997159491775757,-0.7954503403493279,-0.03676356131124319,-0.3817620599233772
15097,4,bfly_2s10s30s_neg+bh_tlt+bh_ief+barbell_iei_tlt,risk_parity,-0.287167455980127,-0.28309586465416464,0.004450749975682955,0.0498539311605976,-0.20233591570985007,0.021996836103311164,0.0746045606071668
15094,4,bfly_2s10s30s_neg+bh_tlt+bh_ief+bh_50_50,equal_weight,-0.07318038923350294,-0.07094588211000968,-0.0008874378053530529,0.14391259242858423,-0.5138793994552199,-0.001726937889111442,-0.014282019602720908
15094,4,bfly_2s10s30s_neg+bh_tlt+bh_ief+bh_50_50,min_variance,-0.5859512313946381,-0.5790696971634643,0.003253104974684451,0.027924225261244124,-0.08168435198002036,0.0398253141003083,0.05403167215752891
15094,4,bfly_2s10s30s_neg+bh_tlt+bh_ief+bh_50_50,max_sharpe,-0.01581070863283922,-0.015438520724075056,-0.029243587357481893,0.29971594917757566,-0.7954503403493284,-0.03676356131124331,-0.3817620599233784
15094,4,bfly_2s10s30s_neg+bh_tlt+bh_ief+bh_50_50,risk_parity,-0.3068744670464816,-0.3006628754994012,0.004046467810376875,0.04822448683861106,-0.19668472791666125,0.020573370658912744,0.06761813129574801
12160,4,steep_5s30s+bh_tlt+bh_ief+bh_50_50,equal_weight,-0.07319858858562119,-0.07111873034990807,-0.00030495808335717633,0.14120139488323563,-0.5116580862539649,-0.0005960192784011007,-0.004929609993247652
12160,4,steep_5s30s+bh_tlt+bh_ief+bh_50_50,min_variance,-0.45531131177269074,-0.45844902912891494,0.004119371397709459,0.03365377477015273,-0.13082213362084347,0.031488336749257335,0.06887482540288281
12160,4,steep_5s30s+bh_tlt+bh_ief+bh_50_50,max_sharpe,-0.015810708632839288,-0.01543852072407512,-0.02924358735748178,0.2997159491775757,-0.7954503403493279,-0.03676356131124319,-0.3817620599233772
12160,4,steep_5s30s+bh_tlt+bh_ief+bh_50_50,risk_parity,-0.0552550155051937,-0.05360856542966927,-0.003197453351532431,0.16712819097486015,-0.5721633695159544,-0.005588357315214798,-0.05056609213832686
2126,3,flat_30s2s+bh_tlt+bh_50_50,equal_weight,-0.07330551531890449,-0.07135865169944743,-0.003442582098588498,0.15532229890068172,-0.5210575099110082,-0.006606913887828734,-0.05434196242376532
2126,3,flat_30s2s+bh_tlt+bh_50_50,min_variance,-0.6412986147467182,-0.6482250173800286,0.0025148692379257653,0.02671371586147981,-0.07982956212859696,0.031502981738451445,0.04153513761110972
2126,3,flat_30s2s+bh_tlt+bh_50_50,max_sharpe,-0.01581070863283929,-0.015438520724075123,-0.029243587357481893,0.29971594917757566,-0.7954503403493284,-0.03676356131124331,-0.3817620599233784
2126,3,flat_30s2s+bh_tlt+bh_50_50,risk_parity,-0.2906036152367664,-0.28453178394253287,0.002837754035049933,0.05404588195866624,-0.18788467404095063,0.015103701510169088,0.04698358896719257
2024,3,flat_10s2s+bh_tlt+barbell_iei_tlt,equal_weight,-0.07333480982773671,-0.07114649688612319,-0.0001020671892741909,0.1401664452218766,-0.49819162279324636,-0.0002048753624196319,-0.00165244908505624
2024,3,flat_10s2s+bh_tlt+barbell_iei_tlt,min_variance,-0.8887509965005523,-0.8852810947846523,0.0033618857828230375,0.018533857406219125,-0.044375376550409226,0.07576016349977394,0.05588491462098677
2024,3,flat_10s2s+bh_tlt+barbell_iei_tlt,max_sharpe,-0.015810708632839246,-0.015438520724075082,-0.02924358735748167,0.2997159491775756,-0.7954503403493276,-0.036763561311243066,-0.381762059923376
2024,3,flat_10s2s+bh_tlt+barbell_iei_tlt,risk_parity,-0.38092695829908874,-0.368878686227568,0.0042031155018129596,0.039449906352426324,-0.14370106064278,0.02924902212281714,0.07032009851294929
2415,3,bfly_2s5s10s_neg+bh_tlt+bh_ief,equal_weight,-0.07339637237676547,-0.07131769127671979,-0.00021632229185308827,0.1406581536862828,-0.5071301595204081,-0.00042656167808608305,-0.0034991788880490704
2415,3,bfly_2s5s10s_neg+bh_tlt+bh_ief,min_variance,-1.8122844537029512,-1.8126602040199686,0.00240150608589329,0.009686365950630237,-0.031198425527844235,0.07697523337355514,0.03962853315326087
2415,3,bfly_2s5s10s_neg+bh_tlt+bh_ief,max_sharpe,-0.015810708632839288,-0.01543852072407512,-0.02924358735748178,0.2997159491775757,-0.7954503403493279,-0.03676356131124319,-0.3817620599233772
2415,3,bfly_2s5s10s_neg+bh_tlt+bh_ief,risk_parity,-0.04111088868939307,-0.039910384614127166,-0.0035107691472980873,0.17961167522714652,-0.6039089070989633,-0.00581340845619085,-0.055389782380045216
12843,4,steep_10s30s+bh_tlt+bh_ief+barbell_iei_tlt,equal_weight,-0.07348102093273323,-0.07140626884095892,0.0011012586771381727,0.1343596013001915,-0.4968713591378876,0.0022163859052953794,0.017993155812281225
12843,4,steep_10s30s+bh_tlt+bh_ief+barbell_iei_tlt,min_variance,-0.4187887592885261,-0.41655242767143935,0.0031185444471335533,0.038547661233317855,-0.12340015053837489,0.025271804236282117,0.051743456466322835
12843,4,steep_10s30s+bh_tlt+bh_ief+barbell_iei_tlt,max_sharpe,-0.015810708632839243,-0.015438520724075078,-0.029243587357481893,0.29971594917757566,-0.7954503403493284,-0.03676356131124331,-0.3817620599233784
12843,4,steep_10s30s+bh_tlt+bh_ief+barbell_iei_tlt,risk_parity,-0.23619845356602312,-0.23438769899376527,0.004396723430177385,0.05878591735482872,-0.2371728809283353,0.018538052972025536,0.07366844708284348
15225,4,bh_tlt+bh_ief+bh_50_50+barbell_shy_tlt,equal_weight,-0.0735645025824876,-0.07150487889002292,-0.00329686504812976,0.15450135349327818,-0.5442101697568118,-0.006058073206538959,-0.05209909416311009
15225,4,bh_tlt+bh_ief+bh_50_50+barbell_shy_tlt,min_variance,-0.4104365336185036,-0.3953357532872276,-0.0010516406642939735,0.04843430139957886,-0.23218841443666424,-0.0045292555481093455,-0.01690355276082567
15225,4,bh_tlt+bh_ief+bh_50_50+barbell_shy_tlt,max_sharpe,-0.015810708632839246,-0.015438520724075082,-0.02924358735748167,0.2997159491775756,-0.7954503403493277,-0.03676356131124306,-0.3817620599233761
15225,4,bh_tlt+bh_ief+bh_50_50+barbell_shy_tlt,risk_parity,-0.14785761933560831,-0.14367658633447788,-0.00016590615632472439,0.10152836251650053,-0.407990370254234,-0.0004066423337917071,-0.0026846875193010655
12840,4,steep_10s30s+bh_tlt+bh_ief+bh_50_50,equal_weight,-0.07360997670455477,-0.07142721211413149,-0.0007865063123658755,0.14316246558612084,-0.514264570872668,-0.001529380705793584,-0.01266737363080317
12840,4,steep_10s30s+bh_tlt+bh_ief+bh_50_50,min_variance,-0.43585163479531863,-0.43362386443383866,0.003161196119656484,0.037069315648523254,-0.11511434139425682,0.0274613578236065,0.05246824753377588
12840,4,steep_10s30s+bh_tlt+bh_ief+bh_50_50,max_sharpe,-0.015810708632839288,-0.01543852072407512,-0.02924358735748178,0.2997159491775757,-0.7954503403493279,-0.03676356131124319,-0.3817620599233772
12840,4,steep_10s30s+bh_tlt+bh_ief+bh_50_50,risk_parity,-0.2547097954323181,-0.2510332978158368,0.00393481547772323,0.056775283214091136,-0.23123835488308694,0.017016275175079216,0.06569618295625257
2575,3,bh_tlt+bh_50_50+barbell_shy_ief,equal_weight,-0.07367569872779367,-0.07161386437745665,-0.005175937046336565,0.1625539553306619,-0.5588555645880215,-0.009261672199957738,-0.08064256129636427
2575,3,bh_tlt+bh_50_50+barbell_shy_ief,min_variance,-0.4084363023550703,-0.3999158702775448,2.6809445422992795e-05,0.04627981027768736,-0.21531523843796835,0.00012451253156759971,0.00043446537802283025
2575,3,bh_tlt+bh_50_50+barbell_shy_ief,max_sharpe,-0.015810708632839197,-0.015438520724075033,-0.02924358735748178,0.29971594917757566,-0.7954503403493282,-0.036763561311243184,-0.3817620599233772
2575,3,bh_tlt+bh_50_50+barbell_shy_ief,risk_parity,-0.18182222466312828,-0.17680572423126148,-5.716303155534064e-05,0.08868361384230196,-0.36871969540557015,-0.0001550311314193961,-0.0009257748919694331
15229,4,bh_tlt+bh_ief+barbell_shy_tlt+barbell_iei_tlt,equal_weight,-0.07370416457429324,-0.071743707399579,-0.0012389876125967758,0.14518189302225526,-0.5275825627727359,-0.0023484241141049395,-0.019886595990333045
15229,4,bh_tlt+bh_ief+barbell_shy_tlt+barbell_iei_tlt,min_variance,-0.4104365336185035,-0.39533575328722753,-0.0010516406642939735,0.048434301399578855,-0.23218841443666424,-0.0045292555481093455,-0.01690355276082567
15229,4,bh_tlt+bh_ief+barbell_shy_tlt+barbell_iei_tlt,max_sharpe,-0.015810708632839288,-0.01543852072407512,-0.02924358735748178,0.2997159491775757,-0.7954503403493279,-0.03676356131124319,-0.3817620599233772
15229,4,bh_tlt+bh_ief+barbell_shy_tlt+barbell_iei_tlt,risk_parity,-0.14706468248074078,-0.14322605257431806,0.0010078757703759766,0.09709412443000108,-0.39820690931147273,0.0025310353658068454,0.016455691043648635
2545,3,bfly_5s10s30s_neg+bh_tlt+bh_ief,equal_weight,-0.07385178511479186,-0.07163288405627011,-0.000574516021729421,0.14202230536629934,-0.5113192875222041,-0.0011235954436873703,-0.009267987407638012
2545,3,bfly_5s10s30s_neg+bh_tlt+bh_ief,min_variance,-0.7125923259118097,-0.6981143861614985,0.001692293959401292,0.025246416959833238,-0.07946983036176931,0.021294797682308967,0.027774738336323157
2545,3,bfly_5s10s30s_neg+bh_tlt+bh_ief,max_sharpe,-0.015810708632839288,-0.01543852072407512,-0.02924358735748178,0.2997159491775757,-0.7954503403493279,-0.03676356131124319,-0.3817620599233772
2545,3,bfly_5s10s30s_neg+bh_tlt+bh_ief,risk_parity,-0.39505494507691913,-0.38940470013994344,0.002900362995940098,0.04115147425829877,-0.16390016249282605,0.017695912876639446,0.048043161381199795
293,2,bh_ief+barbell_iei_tlt,equal_weight,-0.07416670315085098,-0.07234925547690571,0.0033999371937671885,0.12258945733897318,-0.46775342226105054,0.0072686527387280184,0.056533898317567166
293,2,bh_ief+barbell_iei_tlt,min_variance,-0.08467400119205645,-0.08250383427550056,0.0039193594877215965,0.11368934591688105,-0.44679685071460107,0.008772128723497098,0.06543038432498349
293,2,bh_ief+barbell_iei_tlt,max_sharpe,-0.06446436065138998,-0.06311011532175617,0.0026342484110435382,0.13274900870045636,-0.48834772459058223,0.005394206378768371,0.04354646910110138
293,2,bh_ief+barbell_iei_tlt,risk_parity,-0.07495284787125399,-0.07309991171845658,0.0034487967234018146,0.12185398724527,-0.4661487620452556,0.007398489504230393,0.05736776810863753
2579,3,bh_tlt+barbell_shy_ief+barbell_iei_tlt,equal_weight,-0.07420976133755186,-0.0722622815192881,-0.0022515552377105896,0.14943051422729325,-0.5369162003741845,-0.004193494694593772,-0.0358628150338034
2579,3,bh_tlt+barbell_shy_ief+barbell_iei_tlt,min_variance,-0.40843630235507017,-0.39991587027754477,2.6809445422992795e-05,0.046279810277687364,-0.21531523843796846,0.00012451253156759966,0.00043446537802283025
2579,3,bh_tlt+barbell_shy_ief+barbell_iei_tlt,max_sharpe,-0.015810708632839267,-0.015438520724075101,-0.02924358735748167,0.29971594917757566,-0.7954503403493279,-0.03676356131124305,-0.3817620599233764
2579,3,bh_tlt+barbell_shy_ief+barbell_iei_tlt,risk_parity,-0.17742517788067133,-0.17280341185992348,0.001219864064796461,0.08533281848102459,-0.36188079978436055,0.0033709002122338625,0.019949031528216254
63989,5,flat_10s2s+bh_tlt+bh_ief+bh_50_50+barbell_iei_tlt,equal_weight,-0.07432029862906196,-0.07213942950664226,-8.45599961096788e-06,0.13908063307311713,-0.5000620115200014,-1.6909902004483014e-05,-0.00013699852114557043
63989,5,flat_10s2s+bh_tlt+bh_ief+bh_50_50+barbell_iei_tlt,min_variance,-0.8887509965005523,-0.8852810947846523,0.0033618857828230375,0.01853385740621913,-0.044375376550409226,0.07576016349977394,0.05588491462098677
63989,5,flat_10s2s+bh_tlt+bh_ief+bh_50_50+barbell_iei_tlt,max_sharpe,-0.01581070863283927,-0.015438520724075104,-0.02924358735748167,0.2997159491775756,-0.7954503403493277,-0.03676356131124306,-0.38176205992337664
63989,5,flat_10s2s+bh_tlt+bh_ief+bh_50_50+barbell_iei_tlt,risk_parity,-0.28093649243876734,-0.27211781148989106,0.004246174085030363,0.05140509415377297,-0.19866862045696063,0.021373149293852624,0.07106392603774792
2129,3,flat_30s2s+bh_tlt+barbell_iei_tlt,equal_weight,-0.07442339933110649,-0.07235395727234253,-0.0004486880156240325,0.1410699835302796,-0.49696611268702184,-0.0009028543479514995,-0.0072450725867130306
2129,3,flat_30s2s+bh_tlt+barbell_iei_tlt,min_variance,-0.641298614746718,-0.6482250173800286,0.0025148692379257653,0.02671371586147981,-0.07982956212859696,0.031502981738451445,0.04153513761110972
2129,3,flat_30s2s+bh_tlt+barbell_iei_tlt,max_sharpe,-0.015810708632839267,-0.015438520724075101,-0.02924358735748178,0.29971594917757566,-0.795450340349328,-0.036763561311243184,-0.3817620599233774
2129,3,flat_30s2s+bh_tlt+barbell_iei_tlt,risk_parity,-0.31122015408695125,-0.3038738473212235,0.0036566790759218204,0.04872172439673807,-0.17309590917433487,0.021125161728917395,0.06092253673608461
2497,3,bfly_2s10s30s_neg+bh_tlt+bh_50_50,equal_weight,-0.07458171296408536,-0.07232998339717756,-0.0024419306214318315,0.15003113953504107,-0.522880677136182,-0.00467014890434714,-0.038839121444686486
2497,3,bfly_2s10s30s_neg+bh_tlt+bh_50_50,min_variance,-0.5858079003498361,-0.5795165047580161,0.003256124428123952,0.027925843386033853,-0.08165342860561846,0.039877375435768324,0.05408307181917493
2497,3,bfly_2s10s30s_neg+bh_tlt+bh_50_50,max_sharpe,-0.015810708632839288,-0.01543852072407512,-0.02924358735748178,0.2997159491775757,-0.7954503403493279,-0.03676356131124319,-0.3817620599233772
2497,3,bfly_2s10s30s_neg+bh_tlt+bh_50_50,risk_parity,-0.37231284571794737,-0.36514335421459715,0.003784182628300492,0.04128442899307059,-0.16808383212346353,0.02251366226301216,0.06310838013865894
2574,3,bh_tlt+bh_50_50+barbell_shy_tlt,equal_weight,-0.07470851170306332,-0.07264998046549964,-0.005843236818725672,0.1646652216196514,-0.5629425852973178,-0.01037980954245906,-0.09058344504772853
2574,3,bh_tlt+bh_50_50+barbell_shy_tlt,min_variance,-0.4104365336185034,-0.3953357532872274,-0.0010516406642939735,0.04843430139957887,-0.23218841443666416,-0.004529255548109347,-0.01690355276082578
2574,3,bh_tlt+bh_50_50+barbell_shy_tlt,max_sharpe,-0.015810708632839218,-0.015438520724075052,-0.02924358735748178,0.2997159491775757,-0.7954503403493286,-0.03676356131124316,-0.3817620599233782
2574,3,bh_tlt+bh_50_50+barbell_shy_tlt,risk_parity,-0.17526278433159245,-0.17011767258361737,-0.0011377634211036103,0.09491054783719101,-0.3859076371866429,-0.0029482790996264606,-0.018275903972524654
1765,3,steep_5s30s+bh_tlt+bh_50_50,equal_weight,-0.0747169255684325,-0.07265484561818736,-0.001623839877958666,0.14626490152651866,-0.5198484986331303,-0.0031236790761699383,-0.025987807191572676
1765,3,steep_5s30s+bh_tlt+bh_50_50,min_variance,-0.455247667641503,-0.45826941164822893,0.004121129972532556,0.033654573197712256,-0.1308987168816215,0.03148334888767097,0.06890515642004891
1765,3,steep_5s30s+bh_tlt+bh_50_50,max_sharpe,-0.015810708632839267,-0.015438520724075101,-0.02924358735748167,0.29971594917757566,-0.7954503403493279,-0.03676356131124305,-0.3817620599233764
1765,3,steep_5s30s+bh_tlt+bh_50_50,risk_parity,-0.048714630782319135,-0.04747524575263249,-0.009794997531344385,0.20038961350701906,-0.6331409696605385,-0.01547048445877072,-0.14741693586977844
68371,5,bh_tlt+bh_ief+bh_50_50+barbell_shy_ief+barbell_iei_tlt,equal_weight,-0.07473692879967116,-0.07266688941610408,-0.0013070870587943428,0.14480910940777117,-0.5236226503782926,-0.002496238575336713,-0.020968807368289766
68371,5,bh_tlt+bh_ief+bh_50_50+barbell_shy_ief+barbell_iei_tlt,min_variance,-0.40843630235507006,-0.3999158702775447,2.6809445422992795e-05,0.046279810277687364,-0.21531523843796818,0.00012451253156759982,0.0004344653780226082
68371,5,bh_tlt+bh_ief+bh_50_50+barbell_shy_ief+barbell_iei_tlt,max_sharpe,-0.015810708632839333,-0.015438520724075165,-0.02924358735748178,0.29971594917757566,-0.7954503403493282,-0.036763561311243184,-0.3817620599233772
68371,5,bh_tlt+bh_ief+bh_50_50+barbell_shy_ief+barbell_iei_tlt,risk_parity,-0.13840753550921536,-0.13454891183593146,0.0012458614070027796,0.09963976284830024,-0.4036029590660998,0.0030868490406650846,0.020378214538284034
65354,5,flat_30s2s+bh_tlt+bh_ief+bh_50_50+barbell_iei_tlt,equal_weight,-0.07506399111635377,-0.07279548742937883,-0.0001930696644022456,0.13945982481987818,-0.4992726412913026,-0.0003867018707512121,-0.0031236016446426484
65354,5,flat_30s2s+bh_tlt+bh_ief+bh_50_50+barbell_iei_tlt,min_variance,-0.641298614746718,-0.6482250173800286,0.0025148692379259874,0.02671371586147981,-0.07982956212859722,0.031502981738454124,0.04153513761111127
65354,5,flat_30s2s+bh_tlt+bh_ief+bh_50_50+barbell_iei_tlt,max_sharpe,-0.015810708632839173,-0.015438520724075007,-0.02924358735748178,0.2997159491775757,-0.7954503403493287,-0.036763561311243156,-0.3817620599233782
65354,5,flat_30s2s+bh_tlt+bh_ief+bh_50_50+barbell_iei_tlt,risk_parity,-0.24178877544609126,-0.23370655973738486,0.003713366052785272,0.059954551415406704,-0.22427026635452438,0.01655754957242177,0.061893822653969366
1768,3,steep_5s30s+bh_tlt+barbell_iei_tlt,equal_weight,-0.07511042817583133,-0.07300517357719184,0.0010234381782188162,0.13368836474676404,-0.4964937166872509,0.0020613315814900753,0.016711760578192125
1768,3,steep_5s30s+bh_tlt+barbell_iei_tlt,min_variance,-0.42635333308640383,-0.4299706925197932,0.004234576692689451,0.035519220875626076,-0.1340846637807479,0.031581364887588725,0.07086353593280115
1768,3,steep_5s30s+bh_tlt+barbell_iei_tlt,max_sharpe,-0.015810708632839288,-0.01543852072407512,-0.02924358735748178,0.2997159491775757,-0.7954503403493279,-0.03676356131124319,-0.3817620599233772
1768,3,steep_5s30s+bh_tlt+barbell_iei_tlt,risk_parity,-0.30299088433562305,-0.3040823734116491,0.00502897087499643,0.04596644734320913,-0.1915230523410816,0.026257783663766923,0.0846714202950476
2500,3,bfly_2s10s30s_neg+bh_tlt+barbell_iei_tlt,equal_weight,-0.07519442467297724,-0.07303647829915867,0.0003115193871017219,0.13701156683570803,-0.49944145722322214,0.0006237355401646009,0.005059325153700778
2500,3,bfly_2s10s30s_neg+bh_tlt+barbell_iei_tlt,min_variance,-0.5779668351359228,-0.5694602943887809,0.003213889231762357,0.028356551267883886,-0.08343401191840835,0.03852013295135895,0.053364322561695765
2500,3,bfly_2s10s30s_neg+bh_tlt+barbell_iei_tlt,max_sharpe,-0.015810708632839173,-0.01543852072407501,-0.02924358735748178,0.29971594917757566,-0.7954503403493284,-0.03676356131124317,-0.3817620599233782
2500,3,bfly_2s10s30s_neg+bh_tlt+barbell_iei_tlt,risk_parity,-0.3431822499785182,-0.33910285160528064,0.004260536424993244,0.04317391349470015,-0.1746569490178027,0.024393741267969643,0.07131214014472209
59789,5,steep_5s30s+bh_tlt+bh_ief+bh_50_50+barbell_iei_tlt,equal_weight,-0.07529413166433194,-0.07318684743840422,0.0006413817075892059,0.13538771729663723,-0.499127430406858,0.001285005929380381,0.01044272823552106
59789,5,steep_5s30s+bh_tlt+bh_ief+bh_50_50+barbell_iei_tlt,min_variance,-0.4553484090742312,-0.4585991371027954,0.004118303056072081,0.03365339765134671,-0.13077576809539157,0.031491331429749844,0.06885639957607714
59789,5,steep_5s30s+bh_tlt+bh_ief+bh_50_50+barbell_iei_tlt,max_sharpe,-0.015810708632839288,-0.01543852072407512,-0.02924358735748178,0.2997159491775757,-0.7954503403493279,-0.03676356131124319,-0.3817620599233772
59789,5,steep_5s30s+bh_tlt+bh_ief+bh_50_50+barbell_iei_tlt,risk_parity,-0.06288218993747666,-0.06114259174310482,-0.00046438355357181216,0.14897197032682175,-0.5337696757137537,-0.0008700073734065937,-0.007497618395995387
1901,3,steep_10s30s+bh_tlt+bh_50_50,equal_weight,-0.07530421564506849,-0.07308267157592084,-0.002253766729262141,0.14870864255462699,-0.5232648076390374,-0.004307124607578907,-0.035897438821840266
1901,3,steep_10s30s+bh_tlt+bh_50_50,min_variance,-0.4357716018127173,-0.4336602289359005,0.0031637381751501437,0.03707023152275172,-0.1152133881997788,0.027459813695125908,0.05251146014487529
1901,3,steep_10s30s+bh_tlt+bh_50_50,max_sharpe,-0.015810708632839267,-0.015438520724075101,-0.02924358735748167,0.29971594917757566,-0.7954503403493278,-0.03676356131124306,-0.3817620599233761
1901,3,steep_10s30s+bh_tlt+bh_50_50,risk_parity,-0.30362232477282003,-0.29947754632094215,0.0036733597972127274,0.04972353514181185,-0.20332064469513644,0.018066831347700308,0.06120826093715115
68231,5,bfly_2s10s30s_neg+bh_tlt+bh_ief+bh_50_50+barbell_iei_tlt,equal_weight,-0.07531091203122552,-0.07308219170936958,0.00020451926435960388,0.1374378520569103,-0.5008956632949769,0.00040830711732307953,0.0033188554673500015
68231,5,bfly_2s10s30s_neg+bh_tlt+bh_ief+bh_50_50+barbell_iei_tlt,min_variance,-0.5860339511342464,-0.5789884947444147,0.0032512617742268546,0.027923455059620465,-0.08170321506139494,0.03979355979790675,0.054000296813810245
68231,5,bfly_2s10s30s_neg+bh_tlt+bh_ief+bh_50_50+barbell_iei_tlt,max_sharpe,-0.015810708632839288,-0.01543852072407512,-0.02924358735748178,0.2997159491775757,-0.7954503403493279,-0.03676356131124319,-0.3817620599233772
68231,5,bfly_2s10s30s_neg+bh_tlt+bh_ief+bh_50_50+barbell_iei_tlt,risk_parity,-0.2770622564715189,-0.2711818163994935,0.004256614646972023,0.051979262797108454,-0.2152221618687344,0.01977777107158771,0.07124435748822444
238,2,bfly_2s5s10s_neg+bh_tlt,equal_weight,-0.07531269114482132,-0.07331861056672945,-0.0022752066938290794,0.1488050312165741,-0.5175517297797543,-0.004396095236310582,-0.036233048987375005
238,2,bfly_2s5s10s_neg+bh_tlt,min_variance,-1.8105837274606063,-1.8111506315104566,0.0024083702580510735,0.009691654183534218,-0.0315486229496547,0.07633836386121674,0.039743885409083246
238,2,bfly_2s5s10s_neg+bh_tlt,max_sharpe,-0.015810708632839288,-0.01543852072407512,-0.02924358735748178,0.2997159491775757,-0.7954503403493279,-0.03676356131124319,-0.3817620599233772
238,2,bfly_2s5s10s_neg+bh_tlt,risk_parity,-0.015810708632839288,-0.01543852072407512,-0.02924358735748178,0.2997159491775757,-0.7954503403493279,-0.03676356131124319,-0.3817620599233772
290,2,bh_ief+bh_50_50,equal_weight,-0.0753665705684817,-0.07308788222477276,1.3874084453746605e-05,0.13829295898681745,-0.5031224988506744,2.7575957118674595e-05,0.00022481690983444658
290,2,bh_ief+bh_50_50,min_variance,-0.06446436065138998,-0.06311011532175617,0.0026342484110435382,0.13274900870045636,-0.48834772459058223,0.005394206378768371,0.04354646910110138
290,2,bh_ief+bh_50_50,max_sharpe,-0.06446436065138998,-0.06311011532175617,0.0026342484110435382,0.13274900870045636,-0.48834772459058223,0.005394206378768371,0.04354646910110138
290,2,bh_ief+bh_50_50,risk_parity,-0.0748237793749856,-0.07256451526220088,0.00020721472051166145,0.13773740399742074,-0.5021482506621029,0.0004126564619879496,0.0033626651561748933
2578,3,bh_tlt+barbell_shy_tlt+barbell_iei_tlt,equal_weight,-0.07544875119567286,-0.07340152422857356,-0.0028555374381560306,0.1512923675029443,-0.5405388616244244,-0.005282760668815902,-0.045275717194112275
2578,3,bh_tlt+barbell_shy_tlt+barbell_iei_tlt,min_variance,-0.4104365336185035,-0.3953357532872276,-0.0010516406642939735,0.048434301399578855,-0.23218841443666416,-0.004529255548109347,-0.016903552760825447
2578,3,bh_tlt+barbell_shy_tlt+barbell_iei_tlt,max_sharpe,-0.015810708632839274,-0.015438520724075104,-0.02924358735748167,0.29971594917757555,-0.7954503403493279,-0.03676356131124305,-0.38176205992337653
2578,3,bh_tlt+barbell_shy_tlt+barbell_iei_tlt,risk_parity,-0.17365269201041955,-0.1688505574964553,0.0003894576032497099,0.08974205549284052,-0.37599081040276217,0.0010358168138006408,0.006328855108556297
68370,5,bh_tlt+bh_ief+bh_50_50+barbell_shy_tlt+barbell_iei_tlt,equal_weight,-0.07554414119023387,-0.07351089591734125,-0.0016529053180763809,0.14584795542533457,-0.5258355809658705,-0.003143388119610079,-0.02644714250087088
68370,5,bh_tlt+bh_ief+bh_50_50+barbell_shy_tlt+barbell_iei_tlt,min_variance,-0.4104365336185035,-0.3953357532872276,-0.0010516406642939735,0.048434301399578855,-0.23218841443666416,-0.004529255548109347,-0.016903552760825447
68370,5,bh_tlt+bh_ief+bh_50_50+barbell_shy_tlt+barbell_iei_tlt,max_sharpe,-0.015810708632839267,-0.015438520724075101,-0.02924358735748167,0.29971594917757566,-0.7954503403493279,-0.03676356131124305,-0.3817620599233764
68370,5,bh_tlt+bh_ief+bh_50_50+barbell_shy_tlt+barbell_iei_tlt,risk_parity,-0.13531224093558483,-0.13159256938901623,0.0006106077942615862,0.10361992925821417,-0.41543264613295905,0.001469811773208987,0.009939351328933421
13406,4,flat_10s2s+bh_tlt+bh_50_50+barbell_iei_tlt,equal_weight,-0.07558528209162192,-0.07347093020210324,-0.0009533081509250918,0.14263686580235135,-0.5035665871570709,-0.001893112401096896,-0.015334440376469916
13406,4,flat_10s2s+bh_tlt+bh_50_50+barbell_iei_tlt,min_variance,-0.8887509965005523,-0.8852810947846522,0.0033618857828230375,0.01853385740621913,-0.044375376550409226,0.07576016349977394,0.05588491462098677
13406,4,flat_10s2s+bh_tlt+bh_50_50+barbell_iei_tlt,max_sharpe,-0.015810708632839288,-0.01543852072407512,-0.02924358735748178,0.2997159491775757,-0.7954503403493279,-0.03676356131124319,-0.3817620599233772
13406,4,flat_10s2s+bh_tlt+bh_50_50+barbell_iei_tlt,risk_parity,-0.32059086738946,-0.3094200310571123,0.004033934901499059,0.04646074307157671,-0.173989811978192,0.023184891434934563,0.06740223179230331
62169,5,steep_10s30s+bh_tlt+bh_ief+bh_50_50+barbell_iei_tlt,equal_weight,-0.07564314952643461,-0.07349370140615376,0.0002724381283147892,0.1369040690750919,-0.5012401618091425,0.0005435281309691333,0.004423299194329378
62169,5,steep_10s30s+bh_tlt+bh_ief+bh_50_50+barbell_iei_tlt,min_variance,-0.4358985168332085,-0.4335594865775805,0.003159657039076169,0.03706888462901048,-0.11505455262805585,0.027462251313866676,0.052442085385031145
62169,5,steep_10s30s+bh_tlt+bh_ief+bh_50_50+barbell_iei_tlt,max_sharpe,-0.015810708632839267,-0.015438520724075101,-0.02924358735748167,0.29971594917757566,-0.7954503403493277,-0.03676356131124306,-0.38176205992337675
62169,5,steep_10s30s+bh_tlt+bh_ief+bh_50_50+barbell_iei_tlt,risk_parity,-0.23374656997317697,-0.2298636174417848,0.004162605785765994,0.060072545586144645,-0.24781360623589233,0.016797325413212515,0.06962074463031787
14890,4,bfly_2s5s10s_neg+bh_tlt+bh_ief+bh_50_50,equal_weight,-0.07571830613656616,-0.07347824708115726,-0.0010146927344786283,0.14282922130613868,-0.5101561190320157,-0.0019889847374641592,-0.016314242312244653
14890,4,bfly_2s5s10s_neg+bh_tlt+bh_ief+bh_50_50,min_variance,-1.8277521987619456,-1.8302974002846573,0.002395819242017705,0.009607910882047715,-0.0318820989578104,0.07514622061703322,0.039532974967350754
14890,4,bfly_2s5s10s_neg+bh_tlt+bh_ief+bh_50_50,max_sharpe,-0.015810708632839288,-0.01543852072407512,-0.02924358735748178,0.2997159491775757,-0.7954503403493279,-0.03676356131124319,-0.3817620599233772
14890,4,bfly_2s5s10s_neg+bh_tlt+bh_ief+bh_50_50,risk_parity,-0.055255323068241276,-0.05360886232513568,-0.0031973571860880456,0.16712752614621446,-0.5721619419517452,-0.005588203184541245,-0.05056460807032981
1904,3,steep_10s30s+bh_tlt+barbell_iei_tlt,equal_weight,-0.0757876700454284,-0.07366020430950868,0.000433257463032799,0.13605530079656258,-0.49999806948777753,0.000866518271713827,0.007042968074313816
1904,3,steep_10s30s+bh_tlt+barbell_iei_tlt,min_variance,-0.41873369557328394,-0.41631066137213,0.003120553982109975,0.03854792274964787,-0.12334184961802705,0.025300042052019703,0.05177759450620423
1904,3,steep_10s30s+bh_tlt+barbell_iei_tlt,max_sharpe,-0.01581070863283927,-0.015438520724075104,-0.02924358735748156,0.2997159491775756,-0.7954503403493275,-0.036763561311242934,-0.3817620599233752
1904,3,steep_10s30s+bh_tlt+barbell_iei_tlt,risk_parity,-0.27660817344112804,-0.2753736833534305,0.004227772856407297,0.05213879883463989,-0.21045273057710434,0.020088942751248135,0.07074598954481726
14893,4,bfly_2s5s10s_neg+bh_tlt+bh_ief+barbell_iei_tlt,equal_weight,-0.07605047865810577,-0.07392609607268162,0.0009457246433608457,0.1334571695188651,-0.4924386500923028,0.0019204923155068737,0.01543363701899425
14893,4,bfly_2s5s10s_neg+bh_tlt+bh_ief+barbell_iei_tlt,min_variance,-1.81282430691649,-1.8119681125303462,0.002398756386930101,0.009685001870862069,-0.031071257303074553,0.0772017805244315,0.03958232789377325
14893,4,bfly_2s5s10s_neg+bh_tlt+bh_ief+barbell_iei_tlt,max_sharpe,-0.01581070863283922,-0.015438520724075056,-0.02924358735748178,0.29971594917757566,-0.7954503403493279,-0.03676356131124319,-0.3817620599233772
14893,4,bfly_2s5s10s_neg+bh_tlt+bh_ief+barbell_iei_tlt,risk_parity,-0.05575846930059681,-0.05420446323709872,0.0003551590168082708,0.15015010081964952,-0.5401378226610418,0.0006575340624334454,0.005769982656502304
809,3,steep_5s10s+bh_tlt+bh_ief,equal_weight,-0.07609276005204536,-0.07393594514124022,-0.0002686179832794844,0.13914486709894147,-0.5057584144446572,-0.0005311191580953479,-0.004343375688948825
809,3,steep_5s10s+bh_tlt+bh_ief,min_variance,-1.3010538048669198,-1.2909338059100506,0.0017979854085174996,0.013917016613814873,-0.05633675109623168,0.03191496445093663,0.029533190856831038
809,3,steep_5s10s+bh_tlt+bh_ief,max_sharpe,-0.015810708632839267,-0.015438520724075101,-0.02924358735748178,0.29971594917757566,-0.7954503403493279,-0.03676356131124319,-0.3817620599233772
809,3,steep_5s10s+bh_tlt+bh_ief,risk_parity,-0.04111080602307254,-0.03991030456009861,-0.0035108049624440474,0.17961190525967494,-0.6039093846374978,-0.005813463164761781,-0.05539033245956426
15185,4,bfly_5s10s30s_neg+bh_tlt+bh_ief+bh_50_50,equal_weight,-0.07615404163769915,-0.07377700879448199,-0.0012540465738947182,0.14363503738540373,-0.5132233852630208,-0.0024434712250144923,-0.0201260040854212
15185,4,bfly_5s10s30s_neg+bh_tlt+bh_ief+bh_50_50,min_variance,-0.7208356991447902,-0.7091322371584434,0.0017536222470591056,0.02488533580642572,-0.07512775951048631,0.02334186801902878,0.028794750634453692
15185,4,bfly_5s10s30s_neg+bh_tlt+bh_ief+bh_50_50,max_sharpe,-0.015810708632839267,-0.015438520724075101,-0.02924358735748178,0.29971594917757566,-0.7954503403493277,-0.036763561311243205,-0.3817620599233772
15185,4,bfly_5s10s30s_neg+bh_tlt+bh_ief+bh_50_50,risk_parity,-0.3733336628491663,-0.3651239543509843,0.002831791104681569,0.04346651145816136,-0.17936524960071773,0.015787846926789757,0.04688272683445116
15233,4,bh_tlt+bh_50_50+barbell_shy_ief+barbell_iei_tlt,equal_weight,-0.07621365458964385,-0.07403511074155815,-0.002551045884180869,0.1494330667422355,-0.532523840282887,-0.004790482023914092,-0.04054112785056485
15233,4,bh_tlt+bh_50_50+barbell_shy_ief+barbell_iei_tlt,min_variance,-0.40843630235507017,-0.3999158702775448,2.6809445422992795e-05,0.04627981027768736,-0.21531523843796863,0.00012451253156759955,0.00043446537802327434
15233,4,bh_tlt+bh_50_50+barbell_shy_ief+barbell_iei_tlt,max_sharpe,-0.01581070863283922,-0.015438520724075056,-0.02924358735748178,0.29971594917757566,-0.7954503403493282,-0.036763561311243184,-0.3817620599233772
15233,4,bh_tlt+bh_50_50+barbell_shy_ief+barbell_iei_tlt,risk_parity,-0.15734843169828297,-0.15278864410514648,0.0008366954406060501,0.09382072232530744,-0.3861025682099627,0.0021670289438506267,0.013643018191177969
13861,4,flat_30s2s+bh_tlt+bh_50_50+barbell_iei_tlt,equal_weight,-0.07635554430862786,-0.07416326121502645,-0.0012207621111587352,0.1433572234016516,-0.5026728269500153,-0.0024285420768927406,-0.019596772679312258
13861,4,flat_30s2s+bh_tlt+bh_50_50+barbell_iei_tlt,min_variance,-0.641298614746718,-0.6482250173800286,0.0025148692379257653,0.02671371586147981,-0.07982956212859696,0.031502981738451445,0.04153513761110972
13861,4,flat_30s2s+bh_tlt+bh_50_50+barbell_iei_tlt,max_sharpe,-0.015810708632839288,-0.01543852072407512,-0.02924358735748178,0.2997159491775757,-0.7954503403493279,-0.03676356131124319,-0.3817620599233772
13861,4,flat_30s2s+bh_tlt+bh_50_50+barbell_iei_tlt,risk_parity,-0.2647509232932148,-0.25785385322077764,0.0034114377140599395,0.05662436715110135,-0.2057401111408415,0.01658129615631735,0.05673011843475151
15188,4,bfly_5s10s30s_neg+bh_tlt+bh_ief+barbell_iei_tlt,equal_weight,-0.07636291776442337,-0.07415110999619473,0.0006777367191994621,0.13452974083217142,-0.49569075179683114,0.0013672571391391344,0.01103769993848025
15188,4,bfly_5s10s30s_neg+bh_tlt+bh_ief+barbell_iei_tlt,min_variance,-0.7127222963089515,-0.6980326401275811,0.001689401407312996,0.02524588331081661,-0.0795683792675079,0.02123207011208874,0.027726652840215138
15188,4,bfly_5s10s30s_neg+bh_tlt+bh_ief+barbell_iei_tlt,max_sharpe,-0.015810708632839288,-0.01543852072407512,-0.02924358735748178,0.2997159491775757,-0.7954503403493279,-0.03676356131124319,-0.3817620599233772
15188,4,bfly_5s10s30s_neg+bh_tlt+bh_ief+barbell_iei_tlt,risk_parity,-0.35007735451201605,-0.34389654657862495,0.0032504529435204432,0.04497175406809206,-0.1847766447862612,0.01759125428043342,0.05398652900498857
272,2,bfly_5s10s30s_neg+bh_tlt,equal_weight,-0.07657811954624545,-0.07433754050616573,-0.0026377074927107502,0.14957420280367015,-0.5233523480145306,-0.005040022276994764,-0.04189088139598496
272,2,bfly_5s10s30s_neg+bh_tlt,min_variance,-0.7122414756303905,-0.6983768730679955,0.0016996082051270456,0.025248527296242818,-0.07922014149566657,0.02145424349210505,0.02789633904242672
272,2,bfly_5s10s30s_neg+bh_tlt,max_sharpe,-0.015810708632839288,-0.01543852072407512,-0.02924358735748178,0.2997159491775757,-0.7954503403493279,-0.03676356131124319,-0.3817620599233772
272,2,bfly_5s10s30s_neg+bh_tlt,risk_parity,-0.5091489025508975,-0.5033535674441755,0.0024166771746341187,0.03344214227170697,-0.131467101204597,0.018382372110518665,0.0398834990123389
15232,4,bh_tlt+bh_50_50+barbell_shy_tlt+barbell_iei_tlt,equal_weight,-0.07709181980380761,-0.07491552939164332,-0.0030140097578594816,0.1508986713478074,-0.5352924772993967,-0.005630584933801906,-0.047731147315696165
15232,4,bh_tlt+bh_50_50+barbell_shy_tlt+barbell_iei_tlt,min_variance,-0.4104365336185034,-0.3953357532872274,-0.0010516406642939735,0.04843430139957887,-0.23218841443666405,-0.004529255548109349,-0.01690355276082567
15232,4,bh_tlt+bh_50_50+barbell_shy_tlt+barbell_iei_tlt,max_sharpe,-0.015810708632839246,-0.015438520724075082,-0.02924358735748156,0.2997159491775756,-0.7954503403493275,-0.036763561311242934,-0.3817620599233752
15232,4,bh_tlt+bh_50_50+barbell_shy_tlt+barbell_iei_tlt,risk_parity,-0.15263499888721535,-0.14823516601922315,4.7523965624352016e-05,0.09876617418610159,-0.40022516425675814,0.00011874307232181874,0.0007702796123187916
15100,4,bfly_2s10s30s_neg+bh_tlt+bh_50_50+barbell_iei_tlt,equal_weight,-0.0771006516852767,-0.07478579055358646,-0.0006073427806344567,0.14006129980727167,-0.5044120348785497,-0.001204060844386257,-0.009795100977201598
15100,4,bfly_2s10s30s_neg+bh_tlt+bh_50_50+barbell_iei_tlt,min_variance,-0.5859678825609308,-0.5790808905710071,0.0032527403198683302,0.027924059856963834,-0.08168808464020802,0.039819030329758594,0.05402546485744164
15100,4,bfly_2s10s30s_neg+bh_tlt+bh_50_50+barbell_iei_tlt,max_sharpe,-0.015810708632839288,-0.01543852072407512,-0.02924358735748178,0.2997159491775757,-0.7954503403493279,-0.03676356131124319,-0.3817620599233772
15100,4,bfly_2s10s30s_neg+bh_tlt+bh_50_50+barbell_iei_tlt,risk_parity,-0.3216844923105163,-0.31518759809198094,0.004091941938438204,0.04616562300290749,-0.1919714201978916,0.021315370455769256,0.06840184035358243
12166,4,steep_5s30s+bh_tlt+bh_50_50+barbell_iei_tlt,equal_weight,-0.077148790009481,-0.07501567741985997,-4.694109701131044e-05,0.13743547723722632,-0.5021618325976555,-9.347802633363578e-05,-0.0007602862232169993
12166,4,steep_5s30s+bh_tlt+bh_50_50+barbell_iei_tlt,min_variance,-0.4553186677364638,-0.45856591577312,0.0041191622307934495,0.03365369454297427,-0.13081304645026712,0.031488925168939357,0.06887121785048533
12166,4,steep_5s30s+bh_tlt+bh_50_50+barbell_iei_tlt,max_sharpe,-0.015810708632839288,-0.01543852072407512,-0.02924358735748178,0.2997159491775757,-0.7954503403493279,-0.03676356131124319,-0.3817620599233772
12166,4,steep_5s30s+bh_tlt+bh_50_50+barbell_iei_tlt,risk_parity,-0.061588964683997875,-0.05992441694819223,-0.0020928870231725627,0.15746149055570569,-0.5508451414211937,-0.003799410879385927,-0.03337560995536948
2416,3,bfly_2s5s10s_neg+bh_tlt+bh_50_50,equal_weight,-0.07746189066770412,-0.07541896371246162,-0.002712665108625001,0.14932748028321927,-0.5182048422975762,-0.005234735161095364,-0.04305690824116715
2416,3,bfly_2s5s10s_neg+bh_tlt+bh_50_50,min_variance,-1.8264570513430134,-1.8302923042535733,0.002399553544963906,0.00961265919083092,-0.032106804132745796,0.07473660520813395,0.0395957229413586
2416,3,bfly_2s5s10s_neg+bh_tlt+bh_50_50,max_sharpe,-0.0158107086328392,-0.015438520724075037,-0.02924358735748156,0.2997159491775756,-0.7954503403493275,-0.036763561311242934,-0.3817620599233752
2416,3,bfly_2s5s10s_neg+bh_tlt+bh_50_50,risk_parity,-0.048715442917359415,-0.04747603465400525,-0.00979475436112398,0.20038797495372898,-0.6331376395533662,-0.015470181757055996,-0.14741354351220104
67895,5,bfly_2s5s10s_neg+bh_tlt+bh_ief+bh_50_50+barbell_iei_tlt,equal_weight,-0.077496335545531,-0.07528526436507987,0.00010870289723285964,0.13648562413924079,-0.4978181409126397,0.0002183586500756619,0.001762701767802799
67895,5,bfly_2s5s10s_neg+bh_tlt+bh_ief+bh_50_50+barbell_iei_tlt,min_variance,-1.8285238686806218,-1.8317760583386822,0.002393200412672103,0.009605298712537893,-0.03172490830987655,0.07543600723117158,0.039488972560022706
67895,5,bfly_2s5s10s_neg+bh_tlt+bh_ief+bh_50_50+barbell_iei_tlt,max_sharpe,-0.015810708632839288,-0.01543852072407512,-0.02924358735748178,0.2997159491775757,-0.7954503403493279,-0.03676356131124319,-0.3817620599233772
67895,5,bfly_2s5s10s_neg+bh_tlt+bh_ief+bh_50_50+barbell_iei_tlt,risk_parity,-0.0628823836056407,-0.06114277964153349,-0.00046433672115975266,0.1489716130407965,-0.5337688531533572,-0.0008699209749999107,-0.007496864938421166
12846,4,steep_10s30s+bh_tlt+bh_50_50+barbell_iei_tlt,equal_weight,-0.07761550639795665,-0.07534969801841004,-0.0004962335846470101,0.13921733194298155,-0.5047783019032813,-0.000983072336461268,-0.008009909477811106
12846,4,steep_10s30s+bh_tlt+bh_50_50+barbell_iei_tlt,min_variance,-0.4358608308045484,-0.4336314836456084,0.003160897262606044,0.037069224695995565,-0.11510272116370499,0.02746153375566555,0.05246316734747292
12846,4,steep_10s30s+bh_tlt+bh_50_50+barbell_iei_tlt,max_sharpe,-0.015810708632839288,-0.01543852072407512,-0.02924358735748178,0.2997159491775757,-0.7954503403493279,-0.03676356131124319,-0.3817620599233772
12846,4,steep_10s30s+bh_tlt+bh_50_50+barbell_iei_tlt,risk_parity,-0.2673644235768382,-0.2631560094896989,0.004010727761320387,0.05431623683185124,-0.22570770941774868,0.017769564768818663,0.06700255964972257
6365,4,steep_5s10s+bh_tlt+bh_ief+bh_50_50,equal_weight,-0.07773408258218345,-0.07543112588046004,-0.0010483055395545948,0.1416737087185377,-0.5091188893459994,-0.002059058427200021,-0.016850371940622333
6365,4,steep_5s10s+bh_tlt+bh_ief+bh_50_50,min_variance,-1.329944017950487,-1.3218883521262876,0.0017797401982260208,0.013631351003218878,-0.05605821873427042,0.03174806903270369,0.02922943281139667
6365,4,steep_5s10s+bh_tlt+bh_ief+bh_50_50,max_sharpe,-0.015810708632839288,-0.01543852072407512,-0.02924358735748178,0.2997159491775757,-0.7954503403493279,-0.03676356131124319,-0.3817620599233772
6365,4,steep_5s10s+bh_tlt+bh_ief+bh_50_50,risk_parity,-0.05525529584559004,-0.053608836047638844,-0.003197365825195253,0.16712758556549198,-0.5721620693503421,-0.005588217039318392,-0.050564741392972956
68336,5,bfly_5s10s30s_neg+bh_tlt+bh_ief+bh_50_50+barbell_iei_tlt,equal_weight,-0.07781899980387397,-0.07554132055204829,-8.703056738779136e-05,0.13719036846070395,-0.5003533168362226,-0.00017393822416945923,-0.0014091699581554318
68336,5,bfly_5s10s30s_neg+bh_tlt+bh_ief+bh_50_50+barbell_iei_tlt,min_variance,-0.7209640866476698,-0.7097186122071995,0.0017510695379914232,0.02488446846621185,-0.07514397865869762,0.023302858981485985,0.028752275030157426
68336,5,bfly_5s10s30s_neg+bh_tlt+bh_ief+bh_50_50+barbell_iei_tlt,max_sharpe,-0.015810708632839267,-0.015438520724075101,-0.02924358735748178,0.29971594917757566,-0.7954503403493284,-0.03676356131124317,-0.3817620599233782
68336,5,bfly_5s10s30s_neg+bh_tlt+bh_ief+bh_50_50+barbell_iei_tlt,risk_parity,-0.33608266749621857,-0.3288249138742385,0.0031260739983163255,0.04694362213286039,-0.19681725577247988,0.015883129688232505,0.05187137405601128
2565,3,bh_tlt+bh_shv+bh_ief,equal_weight,-0.07794743786668558,-0.0756098814691386,-0.0010827772188087836,0.14168985815058055,-0.5084235114786272,-0.0021296757415088597,-0.017399915976066382
2565,3,bh_tlt+bh_shv+bh_ief,min_variance,-1.5685911110445627,-1.2069639369424308,8.297269870394253e-05,0.01264624052902446,-0.023841931190796414,0.0034801165241166404,0.0013452034793430823
2565,3,bh_tlt+bh_shv+bh_ief,max_sharpe,-0.015810708632839354,-0.01543852072407519,-0.02924358735748178,0.29971594917757566,-0.7954503403493277,-0.036763561311243205,-0.3817620599233772
2565,3,bh_tlt+bh_shv+bh_ief,risk_parity,-0.7720479442145242,-0.6917558964340738,0.0012491763633630804,0.0239173177753083,-0.10006917016982396,0.01248312903207997,0.02043295242519516
6368,4,steep_5s10s+bh_tlt+bh_ief+barbell_iei_tlt,equal_weight,-0.07816869785981291,-0.07596587554746456,0.0008915064561791919,0.13237486327079004,-0.4914099552676795,0.0018141806990734912,0.014542825049232766
6368,4,steep_5s10s+bh_tlt+bh_ief+barbell_iei_tlt,min_variance,-1.3013230688874267,-1.2902991943459978,0.0017953294435104628,0.013916183208139329,-0.056237379252484655,0.03192413066494634,0.029488967405393973
6368,4,steep_5s10s+bh_tlt+bh_ief+barbell_iei_tlt,max_sharpe,-0.015810708632839288,-0.01543852072407512,-0.02924358735748178,0.2997159491775757,-0.7954503403493279,-0.03676356131124319,-0.3817620599233772
6368,4,steep_5s10s+bh_tlt+bh_ief+barbell_iei_tlt,risk_parity,-0.055758422973000224,-0.05420441824197837,0.00035514880523512815,0.150150184162836,-0.5401380197558011,0.0006575149170126787,0.005769816309142639
2592,3,bh_ief+bh_50_50+barbell_iei_tlt,equal_weight,-0.0783173538523972,-0.0760614008332056,0.0014332866657429388,0.12969396273701542,-0.484791298678867,0.002956502457137477,0.023477384969524673
2592,3,bh_ief+bh_50_50+barbell_iei_tlt,min_variance,-0.08467400119205654,-0.08250383427550065,0.0039193594877215965,0.11368934591688105,-0.44679685071460107,0.008772128723497098,0.06543038432498371
2592,3,bh_ief+bh_50_50+barbell_iei_tlt,max_sharpe,-0.06446436065138998,-0.06311011532175617,0.0026342484110435382,0.13274900870045636,-0.48834772459058223,0.005394206378768371,0.04354646910110138
2592,3,bh_ief+bh_50_50+barbell_iei_tlt,risk_parity,-0.07838795004473277,-0.07618063591771314,0.0017190636879371723,0.12827436043261004,-0.48172159773943346,0.0035685833809490637,0.028219855802838367
2546,3,bfly_5s10s30s_neg+bh_tlt+bh_50_50,equal_weight,-0.07834316017759975,-0.07596230304092792,-0.002941201741875732,0.14975131812072934,-0.5220472614023747,-0.00563397600051533,-0.0466037690621981
2546,3,bfly_5s10s30s_neg+bh_tlt+bh_50_50,min_variance,-0.7206136793306435,-0.7091438341045279,0.0017578000062410393,0.024887153240587944,-0.07510123174391616,0.023405741363002826,0.028864269684182542
2546,3,bfly_5s10s30s_neg+bh_tlt+bh_50_50,max_sharpe,-0.015810708632839288,-0.01543852072407512,-0.02924358735748178,0.2997159491775757,-0.7954503403493279,-0.03676356131124319,-0.3817620599233772
2546,3,bfly_5s10s30s_neg+bh_tlt+bh_50_50,risk_parity,-0.45481002161962586,-0.44483368347306135,0.0024699979227251756,0.0370417816552037,-0.15271843061719884,0.016173541809871177,0.04078007495385716
2419,3,bfly_2s5s10s_neg+bh_tlt+barbell_iei_tlt,equal_weight,-0.07865955106637482,-0.07641725062997153,0.00010292519409982326,0.13577646150966358,-0.49437727745079174,0.00020819159535516476,0.0016689385198549456
2419,3,bfly_2s5s10s_neg+bh_tlt+barbell_iei_tlt,min_variance,-1.8123908174054675,-1.8127540178974935,0.0024009954206611894,0.009686080108568475,-0.031172422088655796,0.07702306268767466,0.03961995191564327
2419,3,bfly_2s5s10s_neg+bh_tlt+barbell_iei_tlt,max_sharpe,-0.01581070863283929,-0.015438520724075127,-0.02924358735748167,0.2997159491775756,-0.7954503403493279,-0.03676356131124305,-0.3817620599233764
2419,3,bfly_2s5s10s_neg+bh_tlt+barbell_iei_tlt,risk_parity,-0.952297322767855,-0.9440507030482906,0.003091052889281798,0.017598344540281117,-0.07721458117708055,0.04003198414290317,0.05127653345290728
15215,4,bh_tlt+bh_shv+bh_ief+bh_50_50,equal_weight,-0.07904652064032824,-0.07666698586082049,-0.001672751358097524,0.14365223167085628,-0.511140708424779,-0.0032725848881271233,-0.026760662361381637
15215,4,bh_tlt+bh_shv+bh_ief+bh_50_50,min_variance,-1.5685911110445623,-1.2069639369424303,8.297269870372048e-05,0.012646240529024463,-0.023841931190796226,0.0034801165241073544,0.0013452034793408618
15215,4,bh_tlt+bh_shv+bh_ief+bh_50_50,max_sharpe,-0.01581070863283925,-0.015438520724075084,-0.02924358735748178,0.29971594917757555,-0.7954503403493276,-0.036763561311243205,-0.3817620599233772
15215,4,bh_tlt+bh_shv+bh_ief+bh_50_50,risk_parity,-0.6821835225699396,-0.6205091732025205,0.0012798493505432607,0.026911503992850888,-0.11360613567378942,0.011265671021662437,0.020939567779302504
34708,5,steep_5s10s+bh_tlt+bh_ief+bh_50_50+barbell_iei_tlt,equal_weight,-0.07917358825350805,-0.07687408689334307,7.132725004277418e-05,0.13559581190478492,-0.4969893670929448,0.00014351866411144943,0.0011562980617290108
34708,5,steep_5s10s+bh_tlt+bh_ief+bh_50_50+barbell_iei_tlt,min_variance,-1.3302574358395198,-1.3212894941623095,0.0017773108702003881,0.01362997643381232,-0.0559629758671893,0.03175869121789167,0.029188994133614976
34708,5,steep_5s10s+bh_tlt+bh_ief+bh_50_50+barbell_iei_tlt,max_sharpe,-0.015810708632839173,-0.015438520724075007,-0.02924358735748178,0.2997159491775757,-0.7954503403493287,-0.036763561311243156,-0.3817620599233782
34708,5,steep_5s10s+bh_tlt+bh_ief+bh_50_50+barbell_iei_tlt,risk_parity,-0.0628823626194426,-0.06114275928308381,-0.0004643412928915236,0.1489716493814155,-0.5337689375753527,-0.0008699294024129534,-0.007496938490196059
40,2,steep_5s10s+bh_tlt,equal_weight,-0.07923679536668916,-0.0771874783506314,-0.0023213791932206185,0.1464355725338766,-0.5154414758695322,-0.004503671710361552,-0.036955437323194396
40,2,steep_5s10s+bh_tlt,min_variance,-1.3002354638674736,-1.2905064319230255,0.001804927433398218,0.013920409874949271,-0.056597095774307944,0.03189081363106901,0.0296487882602694
40,2,steep_5s10s+bh_tlt,max_sharpe,-0.015810708632839288,-0.01543852072407512,-0.02924358735748178,0.2997159491775757,-0.7954503403493279,-0.03676356131124319,-0.3817620599233772
40,2,steep_5s10s+bh_tlt,risk_parity,-0.015810708632839288,-0.01543852072407512,-0.02924358735748178,0.2997159491775757,-0.7954503403493279,-0.03676356131124319,-0.3817620599233772
2549,3,bfly_5s10s30s_neg+bh_tlt+barbell_iei_tlt,equal_weight,-0.07938526428478819,-0.07710476204913573,-0.00017626435461370882,0.1366112232117697,-0.498540456413823,-0.00035356078397657105,-0.002852079021013587
2549,3,bfly_5s10s30s_neg+bh_tlt+barbell_iei_tlt,min_variance,-0.7126163801128429,-0.698294675592168,0.0016917668461116087,0.02524630705368258,-0.07948779725697694,0.021283352973567475,0.027765975500518403
2549,3,bfly_5s10s30s_neg+bh_tlt+barbell_iei_tlt,max_sharpe,-0.015810708632839243,-0.015438520724075078,-0.02924358735748178,0.29971594917757566,-0.7954503403493282,-0.036763561311243184,-0.3817620599233772
2549,3,bfly_5s10s30s_neg+bh_tlt+barbell_iei_tlt,risk_parity,-0.42058229166670835,-0.41296778952920604,0.0029601247565069766,0.03874108225965744,-0.15892267136522042,0.01862619556466119,0.04905548722832731
14896,4,bfly_2s5s10s_neg+bh_tlt+bh_50_50+barbell_iei_tlt,equal_weight,-0.0795606746640101,-0.07731572194695666,-0.0007822201061293832,0.13929022990982234,-0.5007007378792613,-0.001562250755695925,-0.012598750384048119
14896,4,bfly_2s5s10s_neg+bh_tlt+bh_50_50+barbell_iei_tlt,min_variance,-1.8279659694760013,-1.8308818255855228,0.0023951307285807744,0.009607166961983611,-0.031840740876815134,0.07522220471712676,0.03952140617527755
14896,4,bfly_2s5s10s_neg+bh_tlt+bh_50_50+barbell_iei_tlt,max_sharpe,-0.015810708632839288,-0.01543852072407512,-0.02924358735748178,0.2997159491775757,-0.7954503403493279,-0.03676356131124319,-0.3817620599233772
14896,4,bfly_2s5s10s_neg+bh_tlt+bh_50_50+barbell_iei_tlt,risk_parity,-0.061589450123809314,-0.05992488782719479,-0.002092752283802346,0.1574605253552908,-0.5508430462225442,-0.0037991807251695074,-0.0333734952910929
15218,4,bh_tlt+bh_shv+bh_ief+barbell_iei_tlt,equal_weight,-0.07968287117386105,-0.07740129845248682,0.00031090721079030104,0.13415560779872313,-0.49340699899369506,0.0006301232277296374,0.0050493594087897
15218,4,bh_tlt+bh_shv+bh_ief+barbell_iei_tlt,min_variance,-1.5681615606833248,-1.2067770672174405,8.630593332537018e-05,0.012647568564488365,-0.0239453459944321,0.003604288421868638,0.0013992793492600963
15218,4,bh_tlt+bh_shv+bh_ief+barbell_iei_tlt,max_sharpe,-0.015810708632839288,-0.01543852072407512,-0.02924358735748178,0.2997159491775757,-0.7954503403493279,-0.03676356131124319,-0.3817620599233772
15218,4,bh_tlt+bh_shv+bh_ief+barbell_iei_tlt,risk_parity,-0.6852184216371288,-0.6248036647048523,0.0015538741581950788,0.026412408385677114,-0.11337466339563139,0.013705656199151754,0.025476026393699502
810,3,steep_5s10s+bh_tlt+bh_50_50,equal_weight,-0.08008258282333612,-0.077883133613741,-0.0027406623026972055,0.14773883775014482,-0.516795499371963,-0.005303185314167407,-0.04349208579106212
810,3,steep_5s10s+bh_tlt+bh_50_50,min_variance,-1.3293724597669998,-1.3201957312462433,0.001783697010122598,0.01363421122517821,-0.05623264060751507,0.03171995821025378,0.029295301229817383
810,3,steep_5s10s+bh_tlt+bh_50_50,max_sharpe,-0.01581070863283924,-0.015438520724075078,-0.02924358735748178,0.2997159491775757,-0.7954503403493279,-0.03676356131124319,-0.3817620599233772
810,3,steep_5s10s+bh_tlt+bh_50_50,risk_parity,-0.0487153676557277,-0.047475961545471936,-0.009794776895754587,0.20038812679950876,-0.6331379481575673,-0.015470209808553424,-0.1474138578831552
15191,4,bfly_5s10s30s_neg+bh_tlt+bh_50_50+barbell_iei_tlt,equal_weight,-0.08015560800759504,-0.07779354221542255,-0.0009771634891212466,0.13979841033694068,-0.5037524240914213,-0.0019397693041054438,-0.015715320715832704
15191,4,bfly_5s10s30s_neg+bh_tlt+bh_50_50+barbell_iei_tlt,min_variance,-0.7208616552783632,-0.7091500299686335,0.00175311487378349,0.02488514877506991,-0.07513098260266254,0.023334113478257132,0.028786308105210212
15191,4,bfly_5s10s30s_neg+bh_tlt+bh_50_50+barbell_iei_tlt,max_sharpe,-0.015810708632839288,-0.01543852072407512,-0.02924358735748178,0.2997159491775757,-0.7954503403493279,-0.03676356131124319,-0.3817620599233772
15191,4,bfly_5s10s30s_neg+bh_tlt+bh_50_50+barbell_iei_tlt,risk_parity,-0.39179404853710487,-0.38301152399940097,0.0028779233258482417,0.04151296882701869,-0.17492607986892938,0.01645222558011158,0.047663284533303374
68361,5,bh_tlt+bh_shv+bh_ief+bh_50_50+barbell_iei_tlt,equal_weight,-0.08030770167112718,-0.07798399565953798,-0.0004068440540513363,0.13709113085616995,-0.49860291128510376,-0.0008159680676607617,-0.00657149629548881
68361,5,bh_tlt+bh_shv+bh_ief+bh_50_50+barbell_iei_tlt,min_variance,-1.5685911110445627,-1.2069639369424308,8.297269870372048e-05,0.01264624052902446,-0.02384193119079622,0.0034801165241073557,0.0013452034793408618
68361,5,bh_tlt+bh_shv+bh_ief+bh_50_50+barbell_iei_tlt,max_sharpe,-0.01581070863283931,-0.015438520724075146,-0.02924358735748178,0.29971594917757566,-0.7954503403493279,-0.03676356131124319,-0.3817620599233772
68361,5,bh_tlt+bh_shv+bh_ief+bh_50_50+barbell_iei_tlt,risk_parity,-0.6196095734544015,-0.5699067557462922,0.0015547796344801412,0.02908786166011505,-0.12498077450367984,0.012440150420370163,0.025491047782967513
