method,rr_long,rr_short,yc_long,yc_short,sharpe,sortino,ann_ret,vol,mdd,calmar,total_ret,n_trades
D,2.0,-3.75,-0.5,-1.0,-0.04832322323547934,-0.0474172374797579,0.001906663403975939,0.1479588217583547,-0.34835686766691165,0.005473305052791533,0.03304517201101609,3
D,2.0,-3.75,-0.5,-0.5,-0.045825051467096194,-0.045010835100081824,0.0023381395718633513,0.14764753068748784,-0.34355056097076386,0.006805809209731801,0.040664575456398344,3
D,2.0,-3.75,-0.5,-0.25,-0.045825051467096194,-0.045010835100081824,0.0023381395718633513,0.14764753068748784,-0.34355056097076386,0.006805809209731801,0.040664575456398344,3
D,2.0,-3.75,-0.5,0.0,-0.045825051467096194,-0.045010835100081824,0.0023381395718633513,0.14764753068748784,-0.34355056097076386,0.006805809209731801,0.040664575456398344,3
D,2.0,-3.75,-0.5,0.5,-0.024784183325038144,-0.0244852462759935,0.006063807199937932,0.1441341726932817,-0.3435505609707619,0.01765040692352121,0.10869236164906448,7
D,2.0,-3.75,0.0,-1.0,-0.04695395880120331,-0.04564966861154217,0.0028113793560888833,0.1443224232088774,-0.3382406744338099,0.008311771967682261,0.04908230040239325,3
D,2.0,-3.75,0.0,-0.5,-0.04439217066685002,-0.043203327232949035,0.0032432451444734944,0.1440032676205778,-0.33335975400375634,0.009728964296142806,0.05681998846362579,3
D,2.0,-3.75,0.0,-0.25,-0.04439217066685002,-0.043203327232949035,0.0032432451444734944,0.1440032676205778,-0.33335975400375634,0.009728964296142806,0.05681998846362579,3
D,2.0,-3.75,0.0,0.0,-0.04439217066685002,-0.043203327232949035,0.0032432451444734944,0.1440032676205778,-0.33335975400375634,0.009728964296142806,0.05681998846362579,3
D,2.0,-3.75,0.0,0.5,-0.022784466312139182,-0.022303452299445886,0.006972277028978624,0.14039871097096848,-0.33335975400375656,0.020915173308233406,0.1259038469084146,7
D,2.0,-3.75,0.25,-1.0,-0.04695395880120331,-0.04564966861154217,0.0028113793560888833,0.1443224232088774,-0.3382406744338099,0.008311771967682261,0.04908230040239325,3
D,2.0,-3.75,0.25,-0.5,-0.04439217066685002,-0.043203327232949035,0.0032432451444734944,0.1440032676205778,-0.33335975400375634,0.009728964296142806,0.05681998846362579,3
D,2.0,-3.75,0.25,-0.25,-0.04439217066685002,-0.043203327232949035,0.0032432451444734944,0.1440032676205778,-0.33335975400375634,0.009728964296142806,0.05681998846362579,3
D,2.0,-3.75,0.25,0.0,-0.04439217066685002,-0.043203327232949035,0.0032432451444734944,0.1440032676205778,-0.33335975400375634,0.009728964296142806,0.05681998846362579,3
D,2.0,-3.75,0.25,0.5,-0.022784466312139182,-0.022303452299445886,0.006972277028978624,0.14039871097096848,-0.33335975400375656,0.020915173308233406,0.1259038469084146,7
D,2.0,-3.75,0.5,-1.0,-0.04695395880120331,-0.04564966861154217,0.0028113793560888833,0.1443224232088774,-0.3382406744338099,0.008311771967682261,0.04908230040239325,3
D,2.0,-3.75,0.5,-0.5,-0.04439217066685002,-0.043203327232949035,0.0032432451444734944,0.1440032676205778,-0.33335975400375634,0.009728964296142806,0.05681998846362579,3
D,2.0,-3.75,0.5,-0.25,-0.04439217066685002,-0.043203327232949035,0.0032432451444734944,0.1440032676205778,-0.33335975400375634,0.009728964296142806,0.05681998846362579,3
D,2.0,-3.75,0.5,0.0,-0.04439217066685002,-0.043203327232949035,0.0032432451444734944,0.1440032676205778,-0.33335975400375634,0.009728964296142806,0.05681998846362579,3
D,2.0,-3.75,0.5,0.5,-0.06719081787110408,-0.06552440694417197,0.0015882580956867454,0.13611824438022882,-0.3190676360426748,0.004977810082481441,0.027456188869937614,7
D,2.0,-3.75,1.0,-1.0,-0.04695395880120331,-0.04564966861154217,0.0028113793560888833,0.1443224232088774,-0.3382406744338099,0.008311771967682261,0.04908230040239325,3
D,2.0,-3.75,1.0,-0.5,-0.04439217066685002,-0.043203327232949035,0.0032432451444734944,0.1440032676205778,-0.33335975400375634,0.009728964296142806,0.05681998846362579,3
D,2.0,-3.75,1.0,-0.25,-0.04439217066685002,-0.043203327232949035,0.0032432451444734944,0.1440032676205778,-0.33335975400375634,0.009728964296142806,0.05681998846362579,3
D,2.0,-3.75,1.0,0.0,-0.04439217066685002,-0.043203327232949035,0.0032432451444734944,0.1440032676205778,-0.33335975400375634,0.009728964296142806,0.05681998846362579,3
D,2.0,-3.75,1.0,0.5,-0.06719081787110408,-0.06552440694417197,0.0015882580956867454,0.13611824438022882,-0.3190676360426748,0.004977810082481441,0.027456188869937614,7
D,2.0,-3.5,-0.5,-1.0,-0.04832322323547934,-0.0474172374797579,0.001906663403975939,0.1479588217583547,-0.34835686766691165,0.005473305052791533,0.03304517201101609,3
D,2.0,-3.5,-0.5,-0.5,-0.10215101726098424,-0.10083792888440309,-0.005447787044965624,0.14556207614855968,-0.35001713250740574,-0.015564343967792372,-0.08901976703646974,5
D,2.0,-3.5,-0.5,-0.25,-0.10215101726098424,-0.10083792888440309,-0.005447787044965624,0.14556207614855968,-0.35001713250740574,-0.015564343967792372,-0.08901976703646974,5
D,2.0,-3.5,-0.5,0.0,-0.10215101726098424,-0.10083792888440309,-0.005447787044965624,0.14556207614855968,-0.35001713250740574,-0.015564343967792372,-0.08901976703646974,5
D,2.0,-3.5,-0.5,0.5,-0.07188859769327381,-0.0713067164261159,-0.0004448870157592877,0.14274665117807403,-0.35001713250740396,-0.0012710435417039962,-0.00756601354649189,7
D,2.0,-3.5,0.0,-1.0,-0.04695395880120331,-0.04564966861154217,0.0028113793560888833,0.1443224232088774,-0.3382406744338099,0.008311771967682261,0.04908230040239325,3
D,2.0,-3.5,0.0,-0.5,-0.10218196139718404,-0.09992860784182045,-0.004549712119290561,0.1418643358643234,-0.3399267134428786,-0.013384391221300987,-0.07487759072717404,5
D,2.0,-3.5,0.0,-0.25,-0.10218196139718404,-0.09992860784182045,-0.004549712119290561,0.1418643358643234,-0.3399267134428786,-0.013384391221300987,-0.07487759072717404,5
D,2.0,-3.5,0.0,0.0,-0.10218196139718404,-0.09992860784182045,-0.004549712119290561,0.1418643358643234,-0.3399267134428786,-0.013384391221300987,-0.07487759072717404,5
D,2.0,-3.5,0.0,0.5,-0.07115374529218758,-0.06992549511021354,0.0004577054998555763,0.13897397075784373,-0.3399267134428777,0.0013464828792647697,0.00784066148761342,7
D,2.0,-3.5,0.25,-1.0,-0.04695395880120331,-0.04564966861154217,0.0028113793560888833,0.1443224232088774,-0.3382406744338099,0.008311771967682261,0.04908230040239325,3
D,2.0,-3.5,0.25,-0.5,-0.10218196139718404,-0.09992860784182045,-0.004549712119290561,0.1418643358643234,-0.3399267134428786,-0.013384391221300987,-0.07487759072717404,5
D,2.0,-3.5,0.25,-0.25,-0.10218196139718404,-0.09992860784182045,-0.004549712119290561,0.1418643358643234,-0.3399267134428786,-0.013384391221300987,-0.07487759072717404,5
D,2.0,-3.5,0.25,0.0,-0.10218196139718404,-0.09992860784182045,-0.004549712119290561,0.1418643358643234,-0.3399267134428786,-0.013384391221300987,-0.07487759072717404,5
D,2.0,-3.5,0.25,0.5,-0.07115374529218758,-0.06992549511021354,0.0004577054998555763,0.13897397075784373,-0.3399267134428777,0.0013464828792647697,0.00784066148761342,7
D,2.0,-3.5,0.5,-1.0,-0.04695395880120331,-0.04564966861154217,0.0028113793560888833,0.1443224232088774,-0.3382406744338099,0.008311771967682261,0.04908230040239325,3
D,2.0,-3.5,0.5,-0.5,-0.10218196139718404,-0.09992860784182045,-0.004549712119290561,0.1418643358643234,-0.3399267134428786,-0.013384391221300987,-0.07487759072717404,5
D,2.0,-3.5,0.5,-0.25,-0.10218196139718404,-0.09992860784182045,-0.004549712119290561,0.1418643358643234,-0.3399267134428786,-0.013384391221300987,-0.07487759072717404,5
D,2.0,-3.5,0.5,0.0,-0.10218196139718404,-0.09992860784182045,-0.004549712119290561,0.1418643358643234,-0.3399267134428786,-0.013384391221300987,-0.07487759072717404,5
D,2.0,-3.5,0.5,0.5,-0.11760751797728815,-0.11510416072322321,-0.00489148171338305,0.13464704683297574,-0.32577538469984074,-0.015014890452481265,-0.08028369573156713,7
D,2.0,-3.5,1.0,-1.0,-0.04695395880120331,-0.04564966861154217,0.0028113793560888833,0.1443224232088774,-0.3382406744338099,0.008311771967682261,0.04908230040239325,3
D,2.0,-3.5,1.0,-0.5,-0.10218196139718404,-0.09992860784182045,-0.004549712119290561,0.1418643358643234,-0.3399267134428786,-0.013384391221300987,-0.07487759072717404,5
D,2.0,-3.5,1.0,-0.25,-0.10218196139718404,-0.09992860784182045,-0.004549712119290561,0.1418643358643234,-0.3399267134428786,-0.013384391221300987,-0.07487759072717404,5
D,2.0,-3.5,1.0,0.0,-0.10218196139718404,-0.09992860784182045,-0.004549712119290561,0.1418643358643234,-0.3399267134428786,-0.013384391221300987,-0.07487759072717404,5
D,2.0,-3.5,1.0,0.5,-0.11760751797728815,-0.11510416072322321,-0.00489148171338305,0.13464704683297574,-0.32577538469984074,-0.015014890452481265,-0.08028369573156713,7
D,2.0,-3.25,-0.5,-1.0,-0.04832322323547934,-0.0474172374797579,0.001906663403975939,0.1479588217583547,-0.34835686766691165,0.005473305052791533,0.03304517201101609,3
D,2.0,-3.25,-0.5,-0.5,-0.07901697384774176,-0.0782510685461639,-0.0017234122765723559,0.1439072071855976,-0.3072006363614155,-0.005610054383301457,-0.029010521278618362,5
D,2.0,-3.25,-0.5,-0.25,-0.07901697384774176,-0.0782510685461639,-0.0017234122765723559,0.1439072071855976,-0.3072006363614155,-0.005610054383301457,-0.029010521278618362,5
D,2.0,-3.25,-0.5,0.0,-0.07901697384774176,-0.0782510685461639,-0.0017234122765723559,0.1439072071855976,-0.3072006363614155,-0.005610054383301457,-0.029010521278618362,5
D,2.0,-3.25,-0.5,0.5,-0.07746286102162492,-0.07731770487566308,-0.0006528120485184141,0.14006106867923399,-0.30720063636141837,-0.002125034818451312,-0.011083601306266067,9
D,2.0,-3.25,0.0,-1.0,-0.04695395880120331,-0.04564966861154217,0.0028113793560888833,0.1443224232088774,-0.3382406744338099,0.008311771967682261,0.04908230040239325,3
D,2.0,-3.25,0.0,-0.5,-0.07846261775672786,-0.07697566686878966,-0.0008219742619115511,0.14016577931981203,-0.2964455284095439,-0.002772766606808052,-0.013936753587881268,5
D,2.0,-3.25,0.0,-0.25,-0.07846261775672786,-0.07697566686878966,-0.0008219742619115511,0.14016577931981203,-0.2964455284095439,-0.002772766606808052,-0.013936753587881268,5
D,2.0,-3.25,0.0,0.0,-0.07846261775672786,-0.07697566686878966,-0.0008219742619115511,0.14016577931981203,-0.2964455284095439,-0.002772766606808052,-0.013936753587881268,5
D,2.0,-3.25,0.0,0.5,-0.07690979258281559,-0.07604922871771883,0.0002495927119881003,0.13621403314819025,-0.29644552840954624,0.0008419513471064481,0.004268466235287649,9
D,2.0,-3.25,0.25,-1.0,-0.04695395880120331,-0.04564966861154217,0.0028113793560888833,0.1443224232088774,-0.3382406744338099,0.008311771967682261,0.04908230040239325,3
D,2.0,-3.25,0.25,-0.5,-0.07846261775672786,-0.07697566686878966,-0.0008219742619115511,0.14016577931981203,-0.2964455284095439,-0.002772766606808052,-0.013936753587881268,5
D,2.0,-3.25,0.25,-0.25,-0.07846261775672786,-0.07697566686878966,-0.0008219742619115511,0.14016577931981203,-0.2964455284095439,-0.002772766606808052,-0.013936753587881268,5
D,2.0,-3.25,0.25,0.0,-0.07846261775672786,-0.07697566686878966,-0.0008219742619115511,0.14016577931981203,-0.2964455284095439,-0.002772766606808052,-0.013936753587881268,5
D,2.0,-3.25,0.25,0.5,-0.04977836122216148,-0.04951954732319252,0.0041119156873685725,0.13536370985642804,-0.29644552840954375,0.013870729335771603,0.07254686206986549,9
D,2.0,-3.25,0.5,-1.0,-0.04695395880120331,-0.04564966861154217,0.0028113793560888833,0.1443224232088774,-0.3382406744338099,0.008311771967682261,0.04908230040239325,3
D,2.0,-3.25,0.5,-0.5,-0.07846261775672786,-0.07697566686878966,-0.0008219742619115511,0.14016577931981203,-0.2964455284095439,-0.002772766606808052,-0.013936753587881268,5
D,2.0,-3.25,0.5,-0.25,-0.07846261775672786,-0.07697566686878966,-0.0008219742619115511,0.14016577931981203,-0.2964455284095439,-0.002772766606808052,-0.013936753587881268,5
D,2.0,-3.25,0.5,0.0,-0.07846261775672786,-0.07697566686878966,-0.0008219742619115511,0.14016577931981203,-0.2964455284095439,-0.002772766606808052,-0.013936753587881268,5
D,2.0,-3.25,0.5,0.5,-0.09689394697612322,-0.0959465597232471,-0.0012568096375781268,0.13091808625703788,-0.2839288015813351,-0.004426495764354844,-0.02123532634456249,9
D,2.0,-3.25,1.0,-1.0,-0.04695395880120331,-0.04564966861154217,0.0028113793560888833,0.1443224232088774,-0.3382406744338099,0.008311771967682261,0.04908230040239325,3
D,2.0,-3.25,1.0,-0.5,-0.07846261775672786,-0.07697566686878966,-0.0008219742619115511,0.14016577931981203,-0.2964455284095439,-0.002772766606808052,-0.013936753587881268,5
D,2.0,-3.25,1.0,-0.25,-0.07846261775672786,-0.07697566686878966,-0.0008219742619115511,0.14016577931981203,-0.2964455284095439,-0.002772766606808052,-0.013936753587881268,5
D,2.0,-3.25,1.0,0.0,-0.07846261775672786,-0.07697566686878966,-0.0008219742619115511,0.14016577931981203,-0.2964455284095439,-0.002772766606808052,-0.013936753587881268,5
D,2.0,-3.25,1.0,0.5,-0.12015153438327038,-0.12616703250061723,-0.0011596343801166809,0.11808516674919596,-0.28136200538433215,-0.0041215031096066244,-0.01960869715505653,7
D,2.0,-3.0,-0.5,-1.0,-0.03964659576187236,-0.03916983267604753,0.004909504712869994,0.1386259590493512,-0.31085938044274397,0.01579332978749939,0.08718061893073248,7
D,2.0,-3.0,-0.5,-0.5,-0.06866484380335403,-0.0684761868939252,0.0017712008131900436,0.1342646462891973,-0.2777686131218658,0.006376533306925366,0.030663901901824886,9
D,2.0,-3.0,-0.5,-0.25,-0.06175460174599259,-0.06161182767374336,0.002712698827791016,0.13420574278992173,-0.2777686131218658,0.009766037988607697,0.04732175440418196,9
D,2.0,-3.0,-0.5,0.0,-0.06175460174599259,-0.06161182767374336,0.002712698827791016,0.13420574278992173,-0.2777686131218658,0.009766037988607697,0.04732175440418196,9
D,2.0,-3.0,-0.5,0.5,-0.05970678629819225,-0.060096505868539256,0.0037880565565402424,0.13007300763044824,-0.2777686131218651,0.013637453540794087,0.06665796111698241,13
D,2.0,-3.0,0.0,-1.0,-0.051759514934880166,-0.04953615388946756,0.005204288470099794,0.12796047975506217,-0.2973596599629457,0.01750166270283032,0.09263657642772394,7
D,2.0,-3.0,0.0,-0.5,-0.08396533289099777,-0.08113683623137621,0.002065063969101999,0.12322211568620539,-0.2777686131218658,0.00743447557264503,0.035836233292350084,9
D,2.0,-3.0,0.0,-0.25,-0.07644610899173436,-0.07390879584638121,0.0030068381661056964,0.12315796474829617,-0.2777686131218658,0.010824974543781526,0.05257768233207738,9
D,2.0,-3.0,0.0,0.0,-0.07644610899173436,-0.07390879584638121,0.0030068381661056964,0.12315796474829617,-0.2777686131218658,0.010824974543781526,0.05257768233207738,9
D,2.0,-3.0,0.0,0.5,-0.07496028982897274,-0.07318992060711757,0.004082511344147166,0.11864103363907352,-0.2777686131218651,0.014697525750888386,0.07201092675889487,13
D,2.0,-3.0,0.25,-1.0,-0.051759514934880166,-0.04953615388946756,0.005204288470099794,0.12796047975506217,-0.2973596599629457,0.01750166270283032,0.09263657642772394,7
D,2.0,-3.0,0.25,-0.5,-0.08396533289099777,-0.08113683623137621,0.002065063969101999,0.12322211568620539,-0.2777686131218658,0.00743447557264503,0.035836233292350084,9
D,2.0,-3.0,0.25,-0.25,-0.07644610899173436,-0.07390879584638121,0.0030068381661056964,0.12315796474829617,-0.2777686131218658,0.010824974543781526,0.05257768233207738,9
D,2.0,-3.0,0.25,0.0,-0.07644610899173436,-0.07390879584638121,0.0030068381661056964,0.12315796474829617,-0.2777686131218658,0.010824974543781526,0.05257768233207738,9
D,2.0,-3.0,0.25,0.5,-0.04381437912112484,-0.043083855230069086,0.007959634595182008,0.11766358410839774,-0.27776861312186435,0.02865562997101443,0.1448950099071089,13
D,2.0,-3.0,0.5,-1.0,-0.051759514934880166,-0.04953615388946756,0.005204288470099794,0.12796047975506217,-0.2973596599629457,0.01750166270283032,0.09263657642772394,7
D,2.0,-3.0,0.5,-0.5,-0.08396533289099777,-0.08113683623137621,0.002065063969101999,0.12322211568620539,-0.2777686131218658,0.00743447557264503,0.035836233292350084,9
D,2.0,-3.0,0.5,-0.25,-0.07644610899173436,-0.07390879584638121,0.0030068381661056964,0.12315796474829617,-0.2777686131218658,0.010824974543781526,0.05257768233207738,9
D,2.0,-3.0,0.5,0.0,-0.07644610899173436,-0.07390879584638121,0.0030068381661056964,0.12315796474829617,-0.2777686131218658,0.010824974543781526,0.05257768233207738,9
D,2.0,-3.0,0.5,0.5,-0.09866896251594251,-0.09632547485186682,0.0025703365177154325,0.11252113177126362,-0.27776861312186435,0.009253516762845191,0.044786787757604696,13
D,2.0,-3.0,1.0,-1.0,-0.2508993814878196,-0.25823992809476204,-0.005249650792311655,0.08597431187380963,-0.273591792355512,-0.019187895759278217,-0.08591728385177977,6
D,2.0,-3.0,1.0,-0.5,-0.22134157200440555,-0.22977871379372597,-0.0016737644906927862,0.08255065806298013,-0.273591792355512,-0.00611774379736456,-0.02818599224212115,6
D,2.0,-3.0,1.0,-0.25,-0.21030145205844455,-0.21858225594532588,-0.0007355041694809827,0.08245522555712796,-0.273591792355512,-0.002688326879796344,-0.012479286718543814,6
D,2.0,-3.0,1.0,0.0,-0.21030145205844455,-0.21858225594532588,-0.0007355041694809827,0.08245522555712796,-0.273591792355512,-0.002688326879796344,-0.012479286718543814,6
D,2.0,-3.0,1.0,0.5,-0.2695332958192381,-0.27955230516226864,-0.0010785833018982505,0.06930491621907245,-0.273591792355512,-0.003942308695052929,-0.018250026478490056,8
D,2.0,-2.5,-0.5,-1.0,-0.055628298521307726,-0.05485227769319159,0.0027436546127914685,0.13832302616809403,-0.3108593804427443,0.008826031271386417,0.0478737327605514,7
D,2.0,-2.5,-0.5,-0.5,-0.08523890347830683,-0.08482628535392207,-0.00038788539841516645,0.1339516081321213,-0.2777686131218641,-0.001396433506491935,-0.006599629075767277,9
D,2.0,-2.5,-0.5,-0.25,-0.07831984191830087,-0.07797463267487924,0.0005515834348912563,0.1338926276121344,-0.2777686131218641,0.001985765881508227,0.009455960747552838,9
D,2.0,-2.5,-0.5,0.0,-0.11129739416524836,-0.11022283293923145,-0.0035187016032323104,0.13250552751822417,-0.29546153877110354,-0.011909169693854053,-0.0583872730559567,11
D,2.0,-2.5,-0.5,0.5,-0.1608887057283682,-0.16269341446632943,-0.007921358960542024,0.12512347084986483,-0.31952193103340726,-0.0247912840753138,-0.12692673053572645,17
D,2.0,-2.5,0.0,-1.0,-0.06911894094773477,-0.06599679334394214,0.003037803031787467,0.1276321580065604,-0.29735965996294356,0.010215921797079109,0.0531324307621599,7
D,2.0,-2.5,0.0,-0.5,-0.1020908559186515,-0.09840286714877698,-9.465559659427303e-05,0.1228808699697467,-0.2777686131218641,-0.00034077139072853136,-0.001614302712431015,9
D,2.0,-2.5,0.0,-0.25,-0.0945602936952865,-0.09119087510085949,0.0008450888238684673,0.1228166069566682,-0.2777686131218641,0.0030424201437680267,0.014521861225387012,9
D,2.0,-2.5,0.0,0.0,-0.0945602936952865,-0.09119087510085949,0.0008450888238684673,0.1228166069566682,-0.2777686131218641,0.0030424201437680267,0.014521861225387012,9
D,2.0,-2.5,0.0,0.5,-0.1352915013710983,-0.13446117189674867,-0.0014502674877112653,0.11212855717869719,-0.29430551189648224,-0.00492776189737614,-0.024466081312244592,15
D,2.0,-2.5,0.25,-1.0,-0.06911894094773477,-0.06599679334394214,0.003037803031787467,0.1276321580065604,-0.29735965996294356,0.010215921797079109,0.0531324307621599,7
D,2.0,-2.5,0.25,-0.5,-0.1020908559186515,-0.09840286714877698,-9.465559659427303e-05,0.1228808699697467,-0.2777686131218641,-0.00034077139072853136,-0.001614302712431015,9
D,2.0,-2.5,0.25,-0.25,-0.0945602936952865,-0.09119087510085949,0.0008450888238684673,0.1228166069566682,-0.2777686131218641,0.0030424201437680267,0.014521861225387012,9
D,2.0,-2.5,0.25,0.0,-0.0945602936952865,-0.09119087510085949,0.0008450888238684673,0.1228166069566682,-0.2777686131218641,0.0030424201437680267,0.014521861225387012,9
D,2.0,-2.5,0.25,0.5,-0.10290351814049147,-0.10302192779179004,0.0024054917168334633,0.11109466101369544,-0.27709005761294436,0.008681263187701939,0.04185870462860586,15
D,2.0,-2.5,0.5,-1.0,-0.06911894094773477,-0.06599679334394214,0.003037803031787467,0.1276321580065604,-0.29735965996294356,0.010215921797079109,0.0531324307621599,7
D,2.0,-2.5,0.5,-0.5,-0.1020908559186515,-0.09840286714877698,-9.465559659427303e-05,0.1228808699697467,-0.2777686131218641,-0.00034077139072853136,-0.001614302712431015,9
D,2.0,-2.5,0.5,-0.25,-0.0945602936952865,-0.09119087510085949,0.0008450888238684673,0.1228166069566682,-0.2777686131218641,0.0030424201437680267,0.014521861225387012,9
D,2.0,-2.5,0.5,0.0,-0.0945602936952865,-0.09119087510085949,0.0008450888238684673,0.1228166069566682,-0.2777686131218641,0.0030424201437680267,0.014521861225387012,9
D,2.0,-2.5,0.5,0.5,-0.164524958092314,-0.1632174141522681,-0.002954109802845828,0.10563149874535015,-0.27709005761294436,-0.010661190185944172,-0.04924014875867755,15
D,2.0,-2.5,1.0,-1.0,-0.2780603016013297,-0.28462460392667094,-0.007393605181518215,0.08548336008363701,-0.29985499483887623,-0.02465726870913418,-0.1189658359029585,6
D,2.0,-2.5,1.0,-0.5,-0.2495200707395512,-0.25748480422521713,-0.003825425876069821,0.08203957131441088,-0.29985499483887623,-0.012757585972931255,-0.06332181228561884,6
D,2.0,-2.5,1.0,-0.25,-0.23844535362872754,-0.2463514140534816,-0.0028891877580524694,0.08194364276481143,-0.29985499483887623,-0.009635283079426248,-0.048182980835008715,6
D,2.0,-2.5,1.0,0.0,-0.23844535362872754,-0.2463514140534816,-0.0028891877580524694,0.08194364276481143,-0.29985499483887623,-0.009635283079426248,-0.048182980835008715,6
D,2.0,-2.5,1.0,0.5,-0.3039306812060496,-0.31252487532255563,-0.003231527462720596,0.0686953011931429,-0.29985499483887623,-0.010776967261982818,-0.05374508018423563,8
D,2.5,-3.75,-0.5,-1.0,-0.03393343740505165,-0.03335770398496853,0.005358266873318751,0.14061193498723976,-0.34835686766690976,0.015381545106905122,0.09549669901324243,3
D,2.5,-3.75,-0.5,-0.5,-0.03127616065639919,-0.03077987974582541,0.005791229491683758,0.14028431628815927,-0.3435505609707622,0.016856993262708193,0.10357672450392186,3
D,2.5,-3.75,-0.5,-0.25,-0.03127616065639919,-0.03077987974582541,0.005791229491683758,0.14028431628815927,-0.3435505609707622,0.016856993262708193,0.10357672450392186,3
D,2.5,-3.75,-0.5,0.0,-0.03127616065639919,-0.03077987974582541,0.005791229491683758,0.14028431628815927,-0.3435505609707622,0.016856993262708193,0.10357672450392186,3
D,2.5,-3.75,-0.5,0.5,-0.14633761757999336,-0.14367225766502004,-0.0056333649663294905,0.12331193431201387,-0.34355056097076075,-0.016397484406404275,-0.0919166147588919,5
D,2.5,-3.75,0.0,-1.0,0.012899546006482313,0.011922661760992966,0.014182430274383595,0.12245380901379713,-0.2360775871295115,0.060075293240790174,0.27170387951603625,2
D,2.5,-3.75,0.0,-0.5,0.016083977746648086,0.014888110038406503,0.014619193063310831,0.12207738991095911,-0.2360775871295115,0.06192537479337581,0.2810835515609902,2
D,2.5,-3.75,0.0,-0.25,0.016083977746648086,0.014888110038406503,0.014619193063310831,0.12207738991095911,-0.2360775871295115,0.06192537479337581,0.2810835515609902,2
D,2.5,-3.75,0.0,0.0,0.016083977746648086,0.014888110038406503,0.014619193063310831,0.12207738991095911,-0.2360775871295115,0.06192537479337581,0.2810835515609902,2
D,2.5,-3.75,0.0,0.5,-0.11450687418712117,-0.10552456845672609,0.0030943234182223556,0.1021260069167579,-0.2360775871295115,0.013107230787329331,0.05414572675147822,4
D,2.5,-3.75,0.25,-1.0,0.012899546006482313,0.011922661760992966,0.014182430274383595,0.12245380901379713,-0.2360775871295115,0.060075293240790174,0.27170387951603625,2
D,2.5,-3.75,0.25,-0.5,0.016083977746648086,0.014888110038406503,0.014619193063310831,0.12207738991095911,-0.2360775871295115,0.06192537479337581,0.2810835515609902,2
D,2.5,-3.75,0.25,-0.25,0.016083977746648086,0.014888110038406503,0.014619193063310831,0.12207738991095911,-0.2360775871295115,0.06192537479337581,0.2810835515609902,2
D,2.5,-3.75,0.25,0.0,0.016083977746648086,0.014888110038406503,0.014619193063310831,0.12207738991095911,-0.2360775871295115,0.06192537479337581,0.2810835515609902,2
D,2.5,-3.75,0.25,0.5,-0.11450687418712117,-0.10552456845672609,0.0030943234182223556,0.1021260069167579,-0.2360775871295115,0.013107230787329331,0.05414572675147822,4
D,2.5,-3.75,0.5,-1.0,0.012899546006482313,0.011922661760992966,0.014182430274383595,0.12245380901379713,-0.2360775871295115,0.060075293240790174,0.27170387951603625,2
D,2.5,-3.75,0.5,-0.5,0.016083977746648086,0.014888110038406503,0.014619193063310831,0.12207738991095911,-0.2360775871295115,0.06192537479337581,0.2810835515609902,2
D,2.5,-3.75,0.5,-0.25,0.016083977746648086,0.014888110038406503,0.014619193063310831,0.12207738991095911,-0.2360775871295115,0.06192537479337581,0.2810835515609902,2
D,2.5,-3.75,0.5,0.0,0.016083977746648086,0.014888110038406503,0.014619193063310831,0.12207738991095911,-0.2360775871295115,0.06192537479337581,0.2810835515609902,2
D,2.5,-3.75,0.5,0.5,-0.11558095486394764,-0.10695933245706178,0.0034579126224842938,0.09994593429046665,-0.2360775871295115,0.0146473566784944,0.06068612017561126,4
D,2.5,-3.75,1.0,-1.0,-0.1952821754418169,-0.17781464555124418,0.0024691412908870447,0.07527655492111429,-0.2014159816270482,0.012258914466176914,0.042988373978365635,2
D,2.5,-3.75,1.0,-0.5,-0.19174528908803154,-0.1752278194143185,0.0029008596927193597,0.07466299690467564,-0.2014159816270482,0.014402331281192646,0.05068111523064034,2
D,2.5,-3.75,1.0,-0.25,-0.19174528908803154,-0.1752278194143185,0.0029008596927193597,0.07466299690467564,-0.2014159816270482,0.014402331281192646,0.05068111523064034,2
D,2.5,-3.75,1.0,0.0,-0.19174528908803154,-0.1752278194143185,0.0029008596927193597,0.07466299690467564,-0.2014159816270482,0.014402331281192646,0.05068111523064034,2
D,2.5,-3.75,1.0,0.5,-0.32011964973825674,-0.29324804677134614,-0.003235919512900698,0.06583146681246756,-0.1942238267148021,-0.016660775187239598,-0.05381623997775298,3
D,2.5,-3.5,-0.5,-1.0,-0.03393343740505165,-0.03335770398496853,0.005358266873318751,0.14061193498723976,-0.34835686766690976,0.015381545106905122,0.09549669901324243,3
D,2.5,-3.5,-0.5,-0.5,-0.20327052432656484,-0.2002010798771241,-0.01206638474043209,0.12168406399262498,-0.4000749001807214,-0.030160314318597534,-0.18713897089850484,5
D,2.5,-3.5,-0.5,-0.25,-0.20327052432656484,-0.2002010798771241,-0.01206638474043209,0.12168406399262498,-0.4000749001807214,-0.030160314318597534,-0.18713897089850484,5
D,2.5,-3.5,-0.5,0.0,-0.20327052432656484,-0.2002010798771241,-0.01206638474043209,0.12168406399262498,-0.4000749001807214,-0.030160314318597534,-0.18713897089850484,5
D,2.5,-3.5,-0.5,0.5,-0.20327052432656484,-0.2002010798771241,-0.01206638474043209,0.12168406399262498,-0.4000749001807214,-0.030160314318597534,-0.18713897089850484,5
D,2.5,-3.5,0.0,-1.0,0.012899546006482313,0.011922661760992966,0.014182430274383595,0.12245380901379713,-0.2360775871295115,0.060075293240790174,0.27170387951603625,2
D,2.5,-3.5,0.0,-0.5,-0.18355093274823714,-0.16963024611048327,-0.0033951598271811934,0.10015606204958591,-0.2795576862241626,-0.012144755785604812,-0.056392844317217694,4
D,2.5,-3.5,0.0,-0.25,-0.18355093274823714,-0.16963024611048327,-0.0033951598271811934,0.10015606204958591,-0.2795576862241626,-0.012144755785604812,-0.056392844317217694,4
D,2.5,-3.5,0.0,0.0,-0.18355093274823714,-0.16963024611048327,-0.0033951598271811934,0.10015606204958591,-0.2795576862241626,-0.012144755785604812,-0.056392844317217694,4
D,2.5,-3.5,0.0,0.5,-0.18355093274823714,-0.16963024611048327,-0.0033951598271811934,0.10015606204958591,-0.2795576862241626,-0.012144755785604812,-0.056392844317217694,4
D,2.5,-3.5,0.25,-1.0,0.012899546006482313,0.011922661760992966,0.014182430274383595,0.12245380901379713,-0.2360775871295115,0.060075293240790174,0.27170387951603625,2
D,2.5,-3.5,0.25,-0.5,-0.18355093274823714,-0.16963024611048327,-0.0033951598271811934,0.10015606204958591,-0.2795576862241626,-0.012144755785604812,-0.056392844317217694,4
D,2.5,-3.5,0.25,-0.25,-0.18355093274823714,-0.16963024611048327,-0.0033951598271811934,0.10015606204958591,-0.2795576862241626,-0.012144755785604812,-0.056392844317217694,4
D,2.5,-3.5,0.25,0.0,-0.18355093274823714,-0.16963024611048327,-0.0033951598271811934,0.10015606204958591,-0.2795576862241626,-0.012144755785604812,-0.056392844317217694,4
D,2.5,-3.5,0.25,0.5,-0.18355093274823714,-0.16963024611048327,-0.0033951598271811934,0.10015606204958591,-0.2795576862241626,-0.012144755785604812,-0.056392844317217694,4
D,2.5,-3.5,0.5,-1.0,0.012899546006482313,0.011922661760992966,0.014182430274383595,0.12245380901379713,-0.2360775871295115,0.060075293240790174,0.27170387951603625,2
D,2.5,-3.5,0.5,-0.5,-0.1862661937597905,-0.1728171541993408,-0.0030339228504162596,0.09793218475984965,-0.2750877386145433,-0.011028927954754951,-0.05053828182232967,4
D,2.5,-3.5,0.5,-0.25,-0.1862661937597905,-0.1728171541993408,-0.0030339228504162596,0.09793218475984965,-0.2750877386145433,-0.011028927954754951,-0.05053828182232967,4
D,2.5,-3.5,0.5,0.0,-0.1862661937597905,-0.1728171541993408,-0.0030339228504162596,0.09793218475984965,-0.2750877386145433,-0.011028927954754951,-0.05053828182232967,4
D,2.5,-3.5,0.5,0.5,-0.1862661937597905,-0.1728171541993408,-0.0030339228504162596,0.09793218475984965,-0.2750877386145433,-0.011028927954754951,-0.05053828182232967,4
D,2.5,-3.5,1.0,-1.0,-0.1952821754418169,-0.17781464555124418,0.0024691412908870447,0.07527655492111429,-0.2014159816270482,0.012258914466176914,0.042988373978365635,2
D,2.5,-3.5,1.0,-0.5,-0.38000198692238973,-0.34919015313350105,-0.006801716502066402,0.06502674585112744,-0.22674912502342756,-0.029996660412090467,-0.10995621852880033,3
D,2.5,-3.5,1.0,-0.25,-0.38000198692238973,-0.34919015313350105,-0.006801716502066402,0.06502674585112744,-0.22674912502342756,-0.029996660412090467,-0.10995621852880033,3
D,2.5,-3.5,1.0,0.0,-0.38000198692238973,-0.34919015313350105,-0.006801716502066402,0.06502674585112744,-0.22674912502342756,-0.029996660412090467,-0.10995621852880033,3
D,2.5,-3.5,1.0,0.5,-0.38000198692238973,-0.34919015313350105,-0.006801716502066402,0.06502674585112744,-0.22674912502342756,-0.029996660412090467,-0.10995621852880033,3
D,2.5,-3.25,-0.5,-1.0,-0.03393343740505165,-0.03335770398496853,0.005358266873318751,0.14061193498723976,-0.34835686766690976,0.015381545106905122,0.09549669901324243,3
D,2.5,-3.25,-0.5,-0.5,-0.17741404855540963,-0.17532270366127184,-0.008366795134585492,0.11970067500684428,-0.36055587282022455,-0.023205266548957944,-0.13359315783113968,5
D,2.5,-3.25,-0.5,-0.25,-0.17741404855540963,-0.17532270366127184,-0.008366795134585492,0.11970067500684428,-0.36055587282022455,-0.023205266548957944,-0.13359315783113968,5
D,2.5,-3.25,-0.5,0.0,-0.17741404855540963,-0.17532270366127184,-0.008366795134585492,0.11970067500684428,-0.36055587282022455,-0.023205266548957944,-0.13359315783113968,5
D,2.5,-3.25,-0.5,0.5,-0.17020641593383767,-0.17160520795190165,-0.006293138722784475,0.11544107619445669,-0.3605558728202292,-0.01745399034429871,-0.1021455322524657,7
D,2.5,-3.25,0.0,-1.0,0.012899546006482313,0.011922661760992966,0.014182430274383595,0.12245380901379713,-0.2360775871295115,0.060075293240790174,0.27170387951603625,2
D,2.5,-3.25,0.0,-0.5,-0.15230371659978556,-0.14132759569763578,0.0003369015693439614,0.09773587164045433,-0.2795576862241626,0.0012051236147154894,0.005765643491047134,4
D,2.5,-3.25,0.0,-0.25,-0.15230371659978556,-0.14132759569763578,0.0003369015693439614,0.09773587164045433,-0.2795576862241626,0.0012051236147154894,0.005765643491047134,4
D,2.5,-3.25,0.0,0.0,-0.15230371659978556,-0.14132759569763578,0.0003369015693439614,0.09773587164045433,-0.2795576862241626,0.0012051236147154894,0.005765643491047134,4
D,2.5,-3.25,0.0,0.5,-0.14380703825763963,-0.1365669876811658,0.002428758739639436,0.09246951416249337,-0.279557686224166,0.008687862503239895,0.042271520218923,6
D,2.5,-3.25,0.25,-1.0,0.012899546006482313,0.011922661760992966,0.014182430274383595,0.12245380901379713,-0.2360775871295115,0.060075293240790174,0.27170387951603625,2
D,2.5,-3.25,0.25,-0.5,-0.15230371659978556,-0.14132759569763578,0.0003369015693439614,0.09773587164045433,-0.2795576862241626,0.0012051236147154894,0.005765643491047134,4
D,2.5,-3.25,0.25,-0.25,-0.15230371659978556,-0.14132759569763578,0.0003369015693439614,0.09773587164045433,-0.2795576862241626,0.0012051236147154894,0.005765643491047134,4
D,2.5,-3.25,0.25,0.0,-0.15230371659978556,-0.14132759569763578,0.0003369015693439614,0.09773587164045433,-0.2795576862241626,0.0012051236147154894,0.005765643491047134,4
D,2.5,-3.25,0.25,0.5,-0.14380703825763963,-0.1365669876811658,0.002428758739639436,0.09246951416249337,-0.279557686224166,0.008687862503239895,0.042271520218923,6
D,2.5,-3.25,0.5,-1.0,0.012899546006482313,0.011922661760992966,0.014182430274383595,0.12245380901379713,-0.2360775871295115,0.060075293240790174,0.27170387951603625,2
D,2.5,-3.25,0.5,-0.5,-0.15445141274775462,-0.1438825713478674,0.0006994912974918055,0.09545560592019925,-0.2750877386145433,0.0025427934411571223,0.012005865154865347,4
D,2.5,-3.25,0.5,-0.25,-0.15445141274775462,-0.1438825713478674,0.0006994912974918055,0.09545560592019925,-0.2750877386145433,0.0025427934411571223,0.012005865154865347,4
D,2.5,-3.25,0.5,0.0,-0.15445141274775462,-0.1438825713478674,0.0006994912974918055,0.09545560592019925,-0.2750877386145433,0.0025427934411571223,0.012005865154865347,4
D,2.5,-3.25,0.5,0.5,-0.14608116172212476,-0.1392419787672548,0.002792106698261021,0.09005599009926818,-0.2750877386145439,0.010149876953161307,0.04873824073393318,6
D,2.5,-3.25,1.0,-1.0,-0.1952821754418169,-0.17781464555124418,0.0024691412908870447,0.07527655492111429,-0.2014159816270482,0.012258914466176914,0.042988373978365635,2
D,2.5,-3.25,1.0,-0.5,-0.3464050513407927,-0.319854418862772,-0.00308241189554348,0.0612349341746645,-0.22674912502342756,-0.013593930716270712,-0.05132612526782898,3
D,2.5,-3.25,1.0,-0.25,-0.3464050513407927,-0.319854418862772,-0.00308241189554348,0.0612349341746645,-0.22674912502342756,-0.013593930716270712,-0.05132612526782898,3
D,2.5,-3.25,1.0,0.0,-0.3464050513407927,-0.319854418862772,-0.00308241189554348,0.0612349341746645,-0.22674912502342756,-0.013593930716270712,-0.05132612526782898,3
D,2.5,-3.25,1.0,0.5,-0.41671793073315117,-0.4143698739057186,-0.003542150306300118,0.053123454384615944,-0.19422382671480212,-0.018237465331693854,-0.05876537490114597,3
D,2.5,-3.0,-0.5,-1.0,0.033409276169581316,0.033032195092429176,0.015460175418865907,0.13557137624846202,-0.2725404684356972,0.056726164402676804,0.29932773749340824,6
D,2.5,-3.0,-0.5,-0.5,-0.10058809762854665,-0.10016500794629289,0.0021000196173199814,0.11370870468565816,-0.2800177807243439,0.0074995938182486,0.036453116790045925,8
D,2.5,-3.0,-0.5,-0.25,-0.0924531479764514,-0.09212020279044672,0.0030418266668090777,0.11363921891565218,-0.2800177807243439,0.010862976840044038,0.053204536057994245,8
D,2.5,-3.0,-0.5,0.0,-0.0924531479764514,-0.09212020279044672,0.0030418266668090777,0.11363921891565218,-0.2800177807243439,0.010862976840044038,0.053204536057994245,8
D,2.5,-3.0,-0.5,0.5,-0.08171443990358737,-0.08314987276025548,0.005139340248411894,0.10914269254356085,-0.2800177807243384,0.018353621099051858,0.09143228345761334,10
D,2.5,-3.0,0.0,-1.0,0.007533691845894449,0.0070408186460691165,0.013768997917420256,0.12026455263757137,-0.2360775871295121,0.05832403696106309,0.2628848343612986,3
D,2.5,-3.0,0.0,-0.5,-0.1586413088119698,-0.1488040618616859,0.00043109251569717344,0.09493774238289092,-0.27335989410958755,0.001577014496224352,0.007383191284557444,5
D,2.5,-3.0,0.0,-0.25,-0.1586413088119698,-0.1488040618616859,0.00043109251569717344,0.09493774238289092,-0.27335989410958755,0.001577014496224352,0.007383191284557444,5
D,2.5,-3.0,0.0,0.0,-0.1586413088119698,-0.1488040618616859,0.00043109251569717344,0.09493774238289092,-0.27335989410958755,0.001577014496224352,0.007383191284557444,5
D,2.5,-3.0,0.0,0.5,-0.1505277930792846,-0.14447561127460634,0.002523146653641062,0.08950691361322834,-0.2733598941095819,0.009230127418141328,0.043947779503272555,7
D,2.5,-3.0,0.25,-1.0,0.007533691845894449,0.0070408186460691165,0.013768997917420256,0.12026455263757137,-0.2360775871295121,0.05832403696106309,0.2628848343612986,3
D,2.5,-3.0,0.25,-0.5,-0.1586413088119698,-0.1488040618616859,0.00043109251569717344,0.09493774238289092,-0.27335989410958755,0.001577014496224352,0.007383191284557444,5
D,2.5,-3.0,0.25,-0.25,-0.1586413088119698,-0.1488040618616859,0.00043109251569717344,0.09493774238289092,-0.27335989410958755,0.001577014496224352,0.007383191284557444,5
D,2.5,-3.0,0.25,0.0,-0.1586413088119698,-0.1488040618616859,0.00043109251569717344,0.09493774238289092,-0.27335989410958755,0.001577014496224352,0.007383191284557444,5
D,2.5,-3.0,0.25,0.5,-0.1505277930792846,-0.14447561127460634,0.002523146653641062,0.08950691361322834,-0.2733598941095819,0.009230127418141328,0.043947779503272555,7
D,2.5,-3.0,0.5,-1.0,0.007533691845894449,0.0070408186460691165,0.013768997917420256,0.12026455263757137,-0.2360775871295121,0.05832403696106309,0.2628848343612986,3
D,2.5,-3.0,0.5,-0.5,-0.16112961871465573,-0.15171091510425963,0.0007937163850131324,0.09258859121525805,-0.2688514926147376,0.002952248385507469,0.013633448941211768,5
D,2.5,-3.0,0.5,-0.25,-0.16112961871465573,-0.15171091510425963,0.0007937163850131324,0.09258859121525805,-0.2688514926147376,0.002952248385507469,0.013633448941211768,5
D,2.5,-3.0,0.5,0.0,-0.16112961871465573,-0.15171091510425963,0.0007937163850131324,0.09258859121525805,-0.2688514926147376,0.002952248385507469,0.013633448941211768,5
D,2.5,-3.0,0.5,0.5,-0.1532100097314212,-0.14757945452039567,0.0028865288248249854,0.08701125264051102,-0.26885149261473207,0.010736517758379796,0.05042490028356683,7
D,2.5,-3.0,1.0,-1.0,-0.7066367283498434,-0.6998881480017686,-0.012578080077457532,0.044794585496871285,-0.22179300177851444,-0.0567108969922242,-0.1942948456410768,3
D,2.5,-3.0,1.0,-0.5,-0.7498544029174128,-0.7513744753560261,-0.009028537702145623,0.03781332732078431,-0.22179300177851444,-0.040707044991264624,-0.1434084232244056,3
D,2.5,-3.0,1.0,-0.25,-0.7498544029174128,-0.7513744753560261,-0.009028537702145623,0.03781332732078431,-0.22179300177851444,-0.040707044991264624,-0.1434084232244056,3
D,2.5,-3.0,1.0,0.0,-0.7498544029174128,-0.7513744753560261,-0.009028537702145623,0.03781332732078431,-0.22179300177851444,-0.040707044991264624,-0.1434084232244056,3
D,2.5,-3.0,1.0,0.5,-0.7498544029174128,-0.7513744753560261,-0.009028537702145623,0.03781332732078431,-0.22179300177851444,-0.040707044991264624,-0.1434084232244056,3
D,2.5,-2.5,-0.5,-1.0,0.025315156980504527,0.025014987362400588,0.014355216552919714,0.13549305409488732,-0.27254046843569596,0.052671871576777336,0.27540678468471413,6
D,2.5,-2.5,-0.5,-0.5,-0.11034712933084026,-0.10979224372525793,0.0010095984190843232,0.11361469915089768,-0.28001778072434125,0.0036054796822999084,0.01737175234309185,8
D,2.5,-2.5,-0.5,-0.25,-0.10221143641442551,-0.10175917036118413,0.0019503806543321733,0.11354519163818769,-0.28001778072434125,0.006965202885641724,0.03381477373864539,8
D,2.5,-2.5,-0.5,0.0,-0.07869079288440796,-0.07651057221207841,0.0059708868597925235,0.10648142036109524,-0.28001778072434125,0.02132324184681137,0.10694596452735183,10
D,2.5,-2.5,-0.5,0.5,-0.13007570801622062,-0.13105632129858152,0.002545468574085108,0.09760740360639394,-0.24804605661380486,0.010262080392788801,0.044344571141095246,14
D,2.5,-2.5,0.0,-1.0,-0.0016082856456911356,-0.0015019635030725676,0.012665879282750314,0.12017612349746729,-0.2360775871295135,0.053651341648971285,0.23963480463143627,3
D,2.5,-2.5,0.0,-0.5,-0.1704230696272505,-0.15966554121482238,-0.0006575126627257344,0.09482496326560988,-0.2733598941095836,-0.002405300400292637,-0.01116298846949948,5
D,2.5,-2.5,0.0,-0.25,-0.1704230696272505,-0.15966554121482238,-0.0006575126627257344,0.09482496326560988,-0.2733598941095836,-0.002405300400292637,-0.01116298846949948,5
D,2.5,-2.5,0.0,0.0,-0.1704230696272505,-0.15966554121482238,-0.0006575126627257344,0.09482496326560988,-0.2733598941095836,-0.002405300400292637,-0.01116298846949948,5
D,2.5,-2.5,0.0,0.5,-0.24783901805104525,-0.24386097842799045,-0.0027690506008859472,0.0792233649159814,-0.2241223985864724,-0.012355081947856157,-0.04622379010290434,7
D,2.5,-2.5,0.25,-1.0,-0.0016082856456911356,-0.0015019635030725676,0.012665879282750314,0.12017612349746729,-0.2360775871295135,0.053651341648971285,0.23963480463143627,3
D,2.5,-2.5,0.25,-0.5,-0.1704230696272505,-0.15966554121482238,-0.0006575126627257344,0.09482496326560988,-0.2733598941095836,-0.002405300400292637,-0.01116298846949948,5
D,2.5,-2.5,0.25,-0.25,-0.1704230696272505,-0.15966554121482238,-0.0006575126627257344,0.09482496326560988,-0.2733598941095836,-0.002405300400292637,-0.01116298846949948,5
D,2.5,-2.5,0.25,0.0,-0.1704230696272505,-0.15966554121482238,-0.0006575126627257344,0.09482496326560988,-0.2733598941095836,-0.002405300400292637,-0.01116298846949948,5
D,2.5,-2.5,0.25,0.5,-0.24783901805104525,-0.24386097842799045,-0.0027690506008859472,0.0792233649159814,-0.2241223985864724,-0.012355081947856157,-0.04622379010290434,7
D,2.5,-2.5,0.5,-1.0,-0.0016082856456911356,-0.0015019635030725676,0.012665879282750314,0.12017612349746729,-0.2360775871295135,0.053651341648971285,0.23963480463143627,3
D,2.5,-2.5,0.5,-0.5,-0.17321905856578815,-0.1628901906683861,-0.0002952833775294872,0.09247295385230762,-0.2688514926147352,-0.001098314071674614,-0.005027799639691355,5
D,2.5,-2.5,0.5,-0.25,-0.17321905856578815,-0.1628901906683861,-0.0002952833775294872,0.09247295385230762,-0.2688514926147352,-0.001098314071674614,-0.005027799639691355,5
D,2.5,-2.5,0.5,0.0,-0.17321905856578815,-0.1628901906683861,-0.0002952833775294872,0.09247295385230762,-0.2688514926147352,-0.001098314071674614,-0.005027799639691355,5
D,2.5,-2.5,0.5,0.5,-0.25516051160905734,-0.25187325503972613,-0.002407586679804563,0.07639253240813117,-0.220901965824928,-0.010898892052923848,-0.04030613422953144,7
D,2.5,-2.5,1.0,-1.0,-0.7351354744557662,-0.7241987063858167,-0.013652529505666089,0.04455343819552122,-0.23611998976058493,-0.05782030364946712,-0.2091280816438027,3
D,2.5,-2.5,1.0,-0.5,-0.784854401076499,-0.7805112574188848,-0.010106849515519656,0.037527729363474434,-0.23611998976058493,-0.0428038707174583,-0.15917849115498683,3
D,2.5,-2.5,1.0,-0.25,-0.784854401076499,-0.7805112574188848,-0.010106849515519656,0.037527729363474434,-0.23611998976058493,-0.0428038707174583,-0.15917849115498683,3
D,2.5,-2.5,1.0,0.0,-0.784854401076499,-0.7805112574188848,-0.010106849515519656,0.037527729363474434,-0.23611998976058493,-0.0428038707174583,-0.15917849115498683,3
D,2.5,-2.5,1.0,0.5,-0.784854401076499,-0.7805112574188848,-0.010106849515519656,0.037527729363474434,-0.23611998976058493,-0.0428038707174583,-0.15917849115498683,3
D,2.75,-3.75,-0.5,-1.0,-0.02302538021574522,-0.022657454805747754,0.006927699576799062,0.14045424368477305,-0.33077537768376225,0.020943818809338006,0.12505346602974532,3
D,2.75,-3.75,-0.5,-0.5,-0.020339665802321032,-0.0200372162985475,0.007361338079288959,0.14012623958578665,-0.32583939566558334,0.022591921594539398,0.13335149257066092,3
D,2.75,-3.75,-0.5,-0.25,-0.020339665802321032,-0.0200372162985475,0.007361338079288959,0.14012623958578665,-0.32583939566558334,0.022591921594539398,0.13335149257066092,3
D,2.75,-3.75,-0.5,0.0,-0.020339665802321032,-0.0200372162985475,0.007361338079288959,0.14012623958578665,-0.32583939566558334,0.022591921594539398,0.13335149257066092,3
D,2.75,-3.75,-0.5,0.5,-0.1348830319375101,-0.13311546424429282,-0.003720102599556796,0.12133073536507326,-0.30744418308691335,-0.012100091022067367,-0.0616301364690669,5
D,2.75,-3.75,0.0,-1.0,0.012899546006482313,0.011922661760992966,0.014182430274383595,0.12245380901379713,-0.2360775871295115,0.060075293240790174,0.27170387951603625,2
D,2.75,-3.75,0.0,-0.5,0.016083977746648086,0.014888110038406503,0.014619193063310831,0.12207738991095911,-0.2360775871295115,0.06192537479337581,0.2810835515609902,2
D,2.75,-3.75,0.0,-0.25,0.016083977746648086,0.014888110038406503,0.014619193063310831,0.12207738991095911,-0.2360775871295115,0.06192537479337581,0.2810835515609902,2
D,2.75,-3.75,0.0,0.0,0.016083977746648086,0.014888110038406503,0.014619193063310831,0.12207738991095911,-0.2360775871295115,0.06192537479337581,0.2810835515609902,2
D,2.75,-3.75,0.0,0.5,-0.11558095486394764,-0.10695933245706178,0.0034579126224842938,0.09994593429046665,-0.2360775871295115,0.0146473566784944,0.06068612017561126,4
D,2.75,-3.75,0.25,-1.0,0.012899546006482313,0.011922661760992966,0.014182430274383595,0.12245380901379713,-0.2360775871295115,0.060075293240790174,0.27170387951603625,2
D,2.75,-3.75,0.25,-0.5,0.016083977746648086,0.014888110038406503,0.014619193063310831,0.12207738991095911,-0.2360775871295115,0.06192537479337581,0.2810835515609902,2
D,2.75,-3.75,0.25,-0.25,0.016083977746648086,0.014888110038406503,0.014619193063310831,0.12207738991095911,-0.2360775871295115,0.06192537479337581,0.2810835515609902,2
D,2.75,-3.75,0.25,0.0,0.016083977746648086,0.014888110038406503,0.014619193063310831,0.12207738991095911,-0.2360775871295115,0.06192537479337581,0.2810835515609902,2
D,2.75,-3.75,0.25,0.5,-0.11558095486394764,-0.10695933245706178,0.0034579126224842938,0.09994593429046665,-0.2360775871295115,0.0146473566784944,0.06068612017561126,4
D,2.75,-3.75,0.5,-1.0,0.012899546006482313,0.011922661760992966,0.014182430274383595,0.12245380901379713,-0.2360775871295115,0.060075293240790174,0.27170387951603625,2
D,2.75,-3.75,0.5,-0.5,0.016083977746648086,0.014888110038406503,0.014619193063310831,0.12207738991095911,-0.2360775871295115,0.06192537479337581,0.2810835515609902,2
D,2.75,-3.75,0.5,-0.25,0.016083977746648086,0.014888110038406503,0.014619193063310831,0.12207738991095911,-0.2360775871295115,0.06192537479337581,0.2810835515609902,2
D,2.75,-3.75,0.5,0.0,0.016083977746648086,0.014888110038406503,0.014619193063310831,0.12207738991095911,-0.2360775871295115,0.06192537479337581,0.2810835515609902,2
D,2.75,-3.75,0.5,0.5,-0.11558095486394764,-0.10695933245706178,0.0034579126224842938,0.09994593429046665,-0.2360775871295115,0.0146473566784944,0.06068612017561126,4
D,2.75,-3.75,1.0,-1.0,-0.1952821754418169,-0.17781464555124418,0.0024691412908870447,0.07527655492111429,-0.2014159816270482,0.012258914466176914,0.042988373978365635,2
D,2.75,-3.75,1.0,-0.5,-0.19174528908803154,-0.1752278194143185,0.0029008596927193597,0.07466299690467564,-0.2014159816270482,0.014402331281192646,0.05068111523064034,2
D,2.75,-3.75,1.0,-0.25,-0.19174528908803154,-0.1752278194143185,0.0029008596927193597,0.07466299690467564,-0.2014159816270482,0.014402331281192646,0.05068111523064034,2
D,2.75,-3.75,1.0,0.0,-0.19174528908803154,-0.1752278194143185,0.0029008596927193597,0.07466299690467564,-0.2014159816270482,0.014402331281192646,0.05068111523064034,2
D,2.75,-3.75,1.0,0.5,-0.32011964973825674,-0.29324804677134614,-0.003235919512900698,0.06583146681246756,-0.1942238267148021,-0.016660775187239598,-0.05381623997775298,3
D,2.75,-3.5,-0.5,-1.0,-0.02302538021574522,-0.022657454805747754,0.006927699576799062,0.14045424368477305,-0.33077537768376225,0.020943818809338006,0.12505346602974532,3
D,2.75,-3.5,-0.5,-0.5,-0.19264522585038382,-0.19070421041749613,-0.010165500156868235,0.11967629176237786,-0.38006614459009497,-0.026746660552551517,-0.16002835714799468,5
D,2.75,-3.5,-0.5,-0.25,-0.19264522585038382,-0.19070421041749613,-0.010165500156868235,0.11967629176237786,-0.38006614459009497,-0.026746660552551517,-0.16002835714799468,5
D,2.75,-3.5,-0.5,0.0,-0.19264522585038382,-0.19070421041749613,-0.010165500156868235,0.11967629176237786,-0.38006614459009497,-0.026746660552551517,-0.16002835714799468,5
D,2.75,-3.5,-0.5,0.5,-0.19264522585038382,-0.19070421041749613,-0.010165500156868235,0.11967629176237786,-0.38006614459009497,-0.026746660552551517,-0.16002835714799468,5
D,2.75,-3.5,0.0,-1.0,0.012899546006482313,0.011922661760992966,0.014182430274383595,0.12245380901379713,-0.2360775871295115,0.060075293240790174,0.27170387951603625,2
D,2.75,-3.5,0.0,-0.5,-0.1862661937597905,-0.1728171541993408,-0.0030339228504162596,0.09793218475984965,-0.2750877386145433,-0.011028927954754951,-0.05053828182232967,4
D,2.75,-3.5,0.0,-0.25,-0.1862661937597905,-0.1728171541993408,-0.0030339228504162596,0.09793218475984965,-0.2750877386145433,-0.011028927954754951,-0.05053828182232967,4
D,2.75,-3.5,0.0,0.0,-0.1862661937597905,-0.1728171541993408,-0.0030339228504162596,0.09793218475984965,-0.2750877386145433,-0.011028927954754951,-0.05053828182232967,4
D,2.75,-3.5,0.0,0.5,-0.1862661937597905,-0.1728171541993408,-0.0030339228504162596,0.09793218475984965,-0.2750877386145433,-0.011028927954754951,-0.05053828182232967,4
D,2.75,-3.5,0.25,-1.0,0.012899546006482313,0.011922661760992966,0.014182430274383595,0.12245380901379713,-0.2360775871295115,0.060075293240790174,0.27170387951603625,2
D,2.75,-3.5,0.25,-0.5,-0.1862661937597905,-0.1728171541993408,-0.0030339228504162596,0.09793218475984965,-0.2750877386145433,-0.011028927954754951,-0.05053828182232967,4
D,2.75,-3.5,0.25,-0.25,-0.1862661937597905,-0.1728171541993408,-0.0030339228504162596,0.09793218475984965,-0.2750877386145433,-0.011028927954754951,-0.05053828182232967,4
D,2.75,-3.5,0.25,0.0,-0.1862661937597905,-0.1728171541993408,-0.0030339228504162596,0.09793218475984965,-0.2750877386145433,-0.011028927954754951,-0.05053828182232967,4
D,2.75,-3.5,0.25,0.5,-0.1862661937597905,-0.1728171541993408,-0.0030339228504162596,0.09793218475984965,-0.2750877386145433,-0.011028927954754951,-0.05053828182232967,4
D,2.75,-3.5,0.5,-1.0,0.012899546006482313,0.011922661760992966,0.014182430274383595,0.12245380901379713,-0.2360775871295115,0.060075293240790174,0.27170387951603625,2
D,2.75,-3.5,0.5,-0.5,-0.1862661937597905,-0.1728171541993408,-0.0030339228504162596,0.09793218475984965,-0.2750877386145433,-0.011028927954754951,-0.05053828182232967,4
D,2.75,-3.5,0.5,-0.25,-0.1862661937597905,-0.1728171541993408,-0.0030339228504162596,0.09793218475984965,-0.2750877386145433,-0.011028927954754951,-0.05053828182232967,4
D,2.75,-3.5,0.5,0.0,-0.1862661937597905,-0.1728171541993408,-0.0030339228504162596,0.09793218475984965,-0.2750877386145433,-0.011028927954754951,-0.05053828182232967,4
D,2.75,-3.5,0.5,0.5,-0.1862661937597905,-0.1728171541993408,-0.0030339228504162596,0.09793218475984965,-0.2750877386145433,-0.011028927954754951,-0.05053828182232967,4
D,2.75,-3.5,1.0,-1.0,-0.1952821754418169,-0.17781464555124418,0.0024691412908870447,0.07527655492111429,-0.2014159816270482,0.012258914466176914,0.042988373978365635,2
D,2.75,-3.5,1.0,-0.5,-0.38000198692238973,-0.34919015313350105,-0.006801716502066402,0.06502674585112744,-0.22674912502342756,-0.029996660412090467,-0.10995621852880033,3
D,2.75,-3.5,1.0,-0.25,-0.38000198692238973,-0.34919015313350105,-0.006801716502066402,0.06502674585112744,-0.22674912502342756,-0.029996660412090467,-0.10995621852880033,3
D,2.75,-3.5,1.0,0.0,-0.38000198692238973,-0.34919015313350105,-0.006801716502066402,0.06502674585112744,-0.22674912502342756,-0.029996660412090467,-0.10995621852880033,3
D,2.75,-3.5,1.0,0.5,-0.38000198692238973,-0.34919015313350105,-0.006801716502066402,0.06502674585112744,-0.22674912502342756,-0.029996660412090467,-0.10995621852880033,3
D,2.75,-3.25,-0.5,-1.0,-0.02302538021574522,-0.022657454805747754,0.006927699576799062,0.14045424368477305,-0.33077537768376225,0.020943818809338006,0.12505346602974532,3
D,2.75,-3.25,-0.5,-0.5,-0.1662166659072184,-0.16510185910023234,-0.006458792164989902,0.11765886427499321,-0.33922907509421796,-0.01903961847372908,-0.1046966793337013,5
D,2.75,-3.25,-0.5,-0.25,-0.1662166659072184,-0.16510185910023234,-0.006458792164989902,0.11765886427499321,-0.33922907509421796,-0.01903961847372908,-0.1046966793337013,5
D,2.75,-3.25,-0.5,0.0,-0.1662166659072184,-0.16510185910023234,-0.006458792164989902,0.11765886427499321,-0.33922907509421796,-0.01903961847372908,-0.1046966793337013,5
D,2.75,-3.25,-0.5,0.5,-0.15856606182978827,-0.1606853906181291,-0.0043811458277079884,0.11332244990126115,-0.33922907509421824,-0.012915006847485462,-0.07220020973382957,7
D,2.75,-3.25,0.0,-1.0,0.012899546006482313,0.011922661760992966,0.014182430274383595,0.12245380901379713,-0.2360775871295115,0.060075293240790174,0.27170387951603625,2
D,2.75,-3.25,0.0,-0.5,-0.15445141274775462,-0.1438825713478674,0.0006994912974918055,0.09545560592019925,-0.2750877386145433,0.0025427934411571223,0.012005865154865347,4
D,2.75,-3.25,0.0,-0.25,-0.15445141274775462,-0.1438825713478674,0.0006994912974918055,0.09545560592019925,-0.2750877386145433,0.0025427934411571223,0.012005865154865347,4
D,2.75,-3.25,0.0,0.0,-0.15445141274775462,-0.1438825713478674,0.0006994912974918055,0.09545560592019925,-0.2750877386145433,0.0025427934411571223,0.012005865154865347,4
D,2.75,-3.25,0.0,0.5,-0.14608116172212476,-0.1392419787672548,0.002792106698261021,0.09005599009926818,-0.2750877386145439,0.010149876953161307,0.04873824073393318,6
D,2.75,-3.25,0.25,-1.0,0.012899546006482313,0.011922661760992966,0.014182430274383595,0.12245380901379713,-0.2360775871295115,0.060075293240790174,0.27170387951603625,2
D,2.75,-3.25,0.25,-0.5,-0.15445141274775462,-0.1438825713478674,0.0006994912974918055,0.09545560592019925,-0.2750877386145433,0.0025427934411571223,0.012005865154865347,4
D,2.75,-3.25,0.25,-0.25,-0.15445141274775462,-0.1438825713478674,0.0006994912974918055,0.09545560592019925,-0.2750877386145433,0.0025427934411571223,0.012005865154865347,4
D,2.75,-3.25,0.25,0.0,-0.15445141274775462,-0.1438825713478674,0.0006994912974918055,0.09545560592019925,-0.2750877386145433,0.0025427934411571223,0.012005865154865347,4
D,2.75,-3.25,0.25,0.5,-0.14608116172212476,-0.1392419787672548,0.002792106698261021,0.09005599009926818,-0.2750877386145439,0.010149876953161307,0.04873824073393318,6
D,2.75,-3.25,0.5,-1.0,0.012899546006482313,0.011922661760992966,0.014182430274383595,0.12245380901379713,-0.2360775871295115,0.060075293240790174,0.27170387951603625,2
D,2.75,-3.25,0.5,-0.5,-0.15445141274775462,-0.1438825713478674,0.0006994912974918055,0.09545560592019925,-0.2750877386145433,0.0025427934411571223,0.012005865154865347,4
D,2.75,-3.25,0.5,-0.25,-0.15445141274775462,-0.1438825713478674,0.0006994912974918055,0.09545560592019925,-0.2750877386145433,0.0025427934411571223,0.012005865154865347,4
D,2.75,-3.25,0.5,0.0,-0.15445141274775462,-0.1438825713478674,0.0006994912974918055,0.09545560592019925,-0.2750877386145433,0.0025427934411571223,0.012005865154865347,4
D,2.75,-3.25,0.5,0.5,-0.14608116172212476,-0.1392419787672548,0.002792106698261021,0.09005599009926818,-0.2750877386145439,0.010149876953161307,0.04873824073393318,6
D,2.75,-3.25,1.0,-1.0,-0.1952821754418169,-0.17781464555124418,0.0024691412908870447,0.07527655492111429,-0.2014159816270482,0.012258914466176914,0.042988373978365635,2
D,2.75,-3.25,1.0,-0.5,-0.3464050513407927,-0.319854418862772,-0.00308241189554348,0.0612349341746645,-0.22674912502342756,-0.013593930716270712,-0.05132612526782898,3
D,2.75,-3.25,1.0,-0.25,-0.3464050513407927,-0.319854418862772,-0.00308241189554348,0.0612349341746645,-0.22674912502342756,-0.013593930716270712,-0.05132612526782898,3
D,2.75,-3.25,1.0,0.0,-0.3464050513407927,-0.319854418862772,-0.00308241189554348,0.0612349341746645,-0.22674912502342756,-0.013593930716270712,-0.05132612526782898,3
D,2.75,-3.25,1.0,0.5,-0.41671793073315117,-0.4143698739057186,-0.003542150306300118,0.053123454384615944,-0.19422382671480212,-0.018237465331693854,-0.05876537490114597,3
D,2.75,-3.0,-0.5,-1.0,0.04480387084298828,0.044347201317585,0.017045377889364666,0.13540739595467408,-0.25291343358680507,0.0673960953660231,0.3343839154351227,6
D,2.75,-3.0,-0.5,-0.5,-0.08747144470257374,-0.08758775005910498,0.004028161801224561,0.11155669248179124,-0.2688514926147376,0.014982850800076792,0.07102099384876581,8
D,2.75,-3.0,-0.5,-0.25,-0.07917228490466538,-0.07932778912370132,0.004971780983101581,0.11148580974658932,-0.2688514926147376,0.01849266647080182,0.08833110795050425,8
D,2.75,-3.0,-0.5,0.0,-0.07917228490466538,-0.07932778912370132,0.004971780983101581,0.11148580974658932,-0.2688514926147376,0.01849266647080182,0.08833110795050425,8
D,2.75,-3.0,-0.5,0.5,-0.06771663849772468,-0.06929536230412442,0.007073330393801758,0.10689864296638105,-0.26885149261473207,0.026309433230255256,0.12783383060074582,10
D,2.75,-3.0,0.0,-1.0,0.007533691845894449,0.0070408186460691165,0.013768997917420256,0.12026455263757137,-0.2360775871295121,0.05832403696106309,0.2628848343612986,3
D,2.75,-3.0,0.0,-0.5,-0.16112961871465573,-0.15171091510425963,0.0007937163850131324,0.09258859121525805,-0.2688514926147376,0.002952248385507469,0.013633448941211768,5
D,2.75,-3.0,0.0,-0.25,-0.16112961871465573,-0.15171091510425963,0.0007937163850131324,0.09258859121525805,-0.2688514926147376,0.002952248385507469,0.013633448941211768,5
D,2.75,-3.0,0.0,0.0,-0.16112961871465573,-0.15171091510425963,0.0007937163850131324,0.09258859121525805,-0.2688514926147376,0.002952248385507469,0.013633448941211768,5
D,2.75,-3.0,0.0,0.5,-0.1532100097314212,-0.14757945452039567,0.0028865288248249854,0.08701125264051102,-0.26885149261473207,0.010736517758379796,0.05042490028356683,7
D,2.75,-3.0,0.25,-1.0,0.007533691845894449,0.0070408186460691165,0.013768997917420256,0.12026455263757137,-0.2360775871295121,0.05832403696106309,0.2628848343612986,3
D,2.75,-3.0,0.25,-0.5,-0.16112961871465573,-0.15171091510425963,0.0007937163850131324,0.09258859121525805,-0.2688514926147376,0.002952248385507469,0.013633448941211768,5
D,2.75,-3.0,0.25,-0.25,-0.16112961871465573,-0.15171091510425963,0.0007937163850131324,0.09258859121525805,-0.2688514926147376,0.002952248385507469,0.013633448941211768,5
D,2.75,-3.0,0.25,0.0,-0.16112961871465573,-0.15171091510425963,0.0007937163850131324,0.09258859121525805,-0.2688514926147376,0.002952248385507469,0.013633448941211768,5
D,2.75,-3.0,0.25,0.5,-0.1532100097314212,-0.14757945452039567,0.0028865288248249854,0.08701125264051102,-0.26885149261473207,0.010736517758379796,0.05042490028356683,7
D,2.75,-3.0,0.5,-1.0,0.007533691845894449,0.0070408186460691165,0.013768997917420256,0.12026455263757137,-0.2360775871295121,0.05832403696106309,0.2628848343612986,3
D,2.75,-3.0,0.5,-0.5,-0.16112961871465573,-0.15171091510425963,0.0007937163850131324,0.09258859121525805,-0.2688514926147376,0.002952248385507469,0.013633448941211768,5
D,2.75,-3.0,0.5,-0.25,-0.16112961871465573,-0.15171091510425963,0.0007937163850131324,0.09258859121525805,-0.2688514926147376,0.002952248385507469,0.013633448941211768,5
D,2.75,-3.0,0.5,0.0,-0.16112961871465573,-0.15171091510425963,0.0007937163850131324,0.09258859121525805,-0.2688514926147376,0.002952248385507469,0.013633448941211768,5
D,2.75,-3.0,0.5,0.5,-0.1532100097314212,-0.14757945452039567,0.0028865288248249854,0.08701125264051102,-0.26885149261473207,0.010736517758379796,0.05042490028356683,7
D,2.75,-3.0,1.0,-1.0,-0.7066367283498434,-0.6998881480017686,-0.012578080077457532,0.044794585496871285,-0.22179300177851444,-0.0567108969922242,-0.1942948456410768,3
D,2.75,-3.0,1.0,-0.5,-0.7498544029174128,-0.7513744753560261,-0.009028537702145623,0.03781332732078431,-0.22179300177851444,-0.040707044991264624,-0.1434084232244056,3
D,2.75,-3.0,1.0,-0.25,-0.7498544029174128,-0.7513744753560261,-0.009028537702145623,0.03781332732078431,-0.22179300177851444,-0.040707044991264624,-0.1434084232244056,3
D,2.75,-3.0,1.0,0.0,-0.7498544029174128,-0.7513744753560261,-0.009028537702145623,0.03781332732078431,-0.22179300177851444,-0.040707044991264624,-0.1434084232244056,3
D,2.75,-3.0,1.0,0.5,-0.7498544029174128,-0.7513744753560261,-0.009028537702145623,0.03781332732078431,-0.22179300177851444,-0.040707044991264624,-0.1434084232244056,3
D,2.75,-2.5,-0.5,-1.0,0.03670655084580989,0.03631140929373225,0.01593869410739912,0.13532902845639322,-0.25291343358680424,0.06302035396600904,0.30981756950967587,6
D,2.75,-2.5,-0.5,-0.5,-0.09740936056803304,-0.09745524486627057,0.0029356425218902693,0.11146093770637254,-0.2688514926147352,0.01091919741021134,0.05130322602800974,8
D,2.75,-2.5,-0.5,-0.25,-0.08910941005041201,-0.08920780681449263,0.0038782349176791353,0.11139003051572481,-0.2688514926147352,0.014425193923831604,0.06829465654392708,8
D,2.75,-2.5,-0.5,0.0,-0.06430589719632869,-0.06291453883125578,0.007906476985292565,0.10418002794858358,-0.2688514926147352,0.02940834327679395,0.14386492534917839,10
D,2.75,-2.5,-0.5,0.5,-0.11585264239569228,-0.11748214789065597,0.004474467847010555,0.09509178793991124,-0.23638391531057729,0.018928816883042546,0.07917564469119931,14
D,2.75,-2.5,0.0,-1.0,-0.0016082856456911356,-0.0015019635030725676,0.012665879282750314,0.12017612349746729,-0.2360775871295135,0.053651341648971285,0.23963480463143627,3
D,2.75,-2.5,0.0,-0.5,-0.17321905856578815,-0.1628901906683861,-0.0002952833775294872,0.09247295385230762,-0.2688514926147352,-0.001098314071674614,-0.005027799639691355,5
D,2.75,-2.5,0.0,-0.25,-0.17321905856578815,-0.1628901906683861,-0.0002952833775294872,0.09247295385230762,-0.2688514926147352,-0.001098314071674614,-0.005027799639691355,5
D,2.75,-2.5,0.0,0.0,-0.17321905856578815,-0.1628901906683861,-0.0002952833775294872,0.09247295385230762,-0.2688514926147352,-0.001098314071674614,-0.005027799639691355,5
D,2.75,-2.5,0.0,0.5,-0.25516051160905734,-0.25187325503972613,-0.002407586679804563,0.07639253240813117,-0.220901965824928,-0.010898892052923848,-0.04030613422953144,7
D,2.75,-2.5,0.25,-1.0,-0.0016082856456911356,-0.0015019635030725676,0.012665879282750314,0.12017612349746729,-0.2360775871295135,0.053651341648971285,0.23963480463143627,3
D,2.75,-2.5,0.25,-0.5,-0.17321905856578815,-0.1628901906683861,-0.0002952833775294872,0.09247295385230762,-0.2688514926147352,-0.001098314071674614,-0.005027799639691355,5
D,2.75,-2.5,0.25,-0.25,-0.17321905856578815,-0.1628901906683861,-0.0002952833775294872,0.09247295385230762,-0.2688514926147352,-0.001098314071674614,-0.005027799639691355,5
D,2.75,-2.5,0.25,0.0,-0.17321905856578815,-0.1628901906683861,-0.0002952833775294872,0.09247295385230762,-0.2688514926147352,-0.001098314071674614,-0.005027799639691355,5
D,2.75,-2.5,0.25,0.5,-0.25516051160905734,-0.25187325503972613,-0.002407586679804563,0.07639253240813117,-0.220901965824928,-0.010898892052923848,-0.04030613422953144,7
D,2.75,-2.5,0.5,-1.0,-0.0016082856456911356,-0.0015019635030725676,0.012665879282750314,0.12017612349746729,-0.2360775871295135,0.053651341648971285,0.23963480463143627,3
D,2.75,-2.5,0.5,-0.5,-0.17321905856578815,-0.1628901906683861,-0.0002952833775294872,0.09247295385230762,-0.2688514926147352,-0.001098314071674614,-0.005027799639691355,5
D,2.75,-2.5,0.5,-0.25,-0.17321905856578815,-0.1628901906683861,-0.0002952833775294872,0.09247295385230762,-0.2688514926147352,-0.001098314071674614,-0.005027799639691355,5
D,2.75,-2.5,0.5,0.0,-0.17321905856578815,-0.1628901906683861,-0.0002952833775294872,0.09247295385230762,-0.2688514926147352,-0.001098314071674614,-0.005027799639691355,5
D,2.75,-2.5,0.5,0.5,-0.25516051160905734,-0.25187325503972613,-0.002407586679804563,0.07639253240813117,-0.220901965824928,-0.010898892052923848,-0.04030613422953144,7
D,2.75,-2.5,1.0,-1.0,-0.7351354744557662,-0.7241987063858167,-0.013652529505666089,0.04455343819552122,-0.23611998976058493,-0.05782030364946712,-0.2091280816438027,3
D,2.75,-2.5,1.0,-0.5,-0.784854401076499,-0.7805112574188848,-0.010106849515519656,0.037527729363474434,-0.23611998976058493,-0.0428038707174583,-0.15917849115498683,3
D,2.75,-2.5,1.0,-0.25,-0.784854401076499,-0.7805112574188848,-0.010106849515519656,0.037527729363474434,-0.23611998976058493,-0.0428038707174583,-0.15917849115498683,3
D,2.75,-2.5,1.0,0.0,-0.784854401076499,-0.7805112574188848,-0.010106849515519656,0.037527729363474434,-0.23611998976058493,-0.0428038707174583,-0.15917849115498683,3
D,2.75,-2.5,1.0,0.5,-0.784854401076499,-0.7805112574188848,-0.010106849515519656,0.037527729363474434,-0.23611998976058493,-0.0428038707174583,-0.15917849115498683,3
D,3.0,-3.75,-0.5,-1.0,-0.02302538021574522,-0.022657454805747754,0.006927699576799062,0.14045424368477305,-0.33077537768376225,0.020943818809338006,0.12505346602974532,3
D,3.0,-3.75,-0.5,-0.5,-0.020339665802321032,-0.0200372162985475,0.007361338079288959,0.14012623958578665,-0.32583939566558334,0.022591921594539398,0.13335149257066092,3
D,3.0,-3.75,-0.5,-0.25,-0.020339665802321032,-0.0200372162985475,0.007361338079288959,0.14012623958578665,-0.32583939566558334,0.022591921594539398,0.13335149257066092,3
D,3.0,-3.75,-0.5,0.0,-0.020339665802321032,-0.0200372162985475,0.007361338079288959,0.14012623958578665,-0.32583939566558334,0.022591921594539398,0.13335149257066092,3
D,3.0,-3.75,-0.5,0.5,-0.1348830319375101,-0.13311546424429282,-0.003720102599556796,0.12133073536507326,-0.30744418308691335,-0.012100091022067367,-0.0616301364690669,5
D,3.0,-3.75,0.0,-1.0,0.012899546006482313,0.011922661760992966,0.014182430274383595,0.12245380901379713,-0.2360775871295115,0.060075293240790174,0.27170387951603625,2
D,3.0,-3.75,0.0,-0.5,0.016083977746648086,0.014888110038406503,0.014619193063310831,0.12207738991095911,-0.2360775871295115,0.06192537479337581,0.2810835515609902,2
D,3.0,-3.75,0.0,-0.25,0.016083977746648086,0.014888110038406503,0.014619193063310831,0.12207738991095911,-0.2360775871295115,0.06192537479337581,0.2810835515609902,2
D,3.0,-3.75,0.0,0.0,0.016083977746648086,0.014888110038406503,0.014619193063310831,0.12207738991095911,-0.2360775871295115,0.06192537479337581,0.2810835515609902,2
D,3.0,-3.75,0.0,0.5,-0.11558095486394764,-0.10695933245706178,0.0034579126224842938,0.09994593429046665,-0.2360775871295115,0.0146473566784944,0.06068612017561126,4
D,3.0,-3.75,0.25,-1.0,0.012899546006482313,0.011922661760992966,0.014182430274383595,0.12245380901379713,-0.2360775871295115,0.060075293240790174,0.27170387951603625,2
D,3.0,-3.75,0.25,-0.5,0.016083977746648086,0.014888110038406503,0.014619193063310831,0.12207738991095911,-0.2360775871295115,0.06192537479337581,0.2810835515609902,2
D,3.0,-3.75,0.25,-0.25,0.016083977746648086,0.014888110038406503,0.014619193063310831,0.12207738991095911,-0.2360775871295115,0.06192537479337581,0.2810835515609902,2
D,3.0,-3.75,0.25,0.0,0.016083977746648086,0.014888110038406503,0.014619193063310831,0.12207738991095911,-0.2360775871295115,0.06192537479337581,0.2810835515609902,2
D,3.0,-3.75,0.25,0.5,-0.11558095486394764,-0.10695933245706178,0.0034579126224842938,0.09994593429046665,-0.2360775871295115,0.0146473566784944,0.06068612017561126,4
D,3.0,-3.75,0.5,-1.0,0.012899546006482313,0.011922661760992966,0.014182430274383595,0.12245380901379713,-0.2360775871295115,0.060075293240790174,0.27170387951603625,2
D,3.0,-3.75,0.5,-0.5,0.016083977746648086,0.014888110038406503,0.014619193063310831,0.12207738991095911,-0.2360775871295115,0.06192537479337581,0.2810835515609902,2
D,3.0,-3.75,0.5,-0.25,0.016083977746648086,0.014888110038406503,0.014619193063310831,0.12207738991095911,-0.2360775871295115,0.06192537479337581,0.2810835515609902,2
D,3.0,-3.75,0.5,0.0,0.016083977746648086,0.014888110038406503,0.014619193063310831,0.12207738991095911,-0.2360775871295115,0.06192537479337581,0.2810835515609902,2
D,3.0,-3.75,0.5,0.5,-0.11558095486394764,-0.10695933245706178,0.0034579126224842938,0.09994593429046665,-0.2360775871295115,0.0146473566784944,0.06068612017561126,4
D,3.0,-3.75,1.0,-1.0,-0.1952821754418169,-0.17781464555124418,0.0024691412908870447,0.07527655492111429,-0.2014159816270482,0.012258914466176914,0.042988373978365635,2
D,3.0,-3.75,1.0,-0.5,-0.19174528908803154,-0.1752278194143185,0.0029008596927193597,0.07466299690467564,-0.2014159816270482,0.014402331281192646,0.05068111523064034,2
D,3.0,-3.75,1.0,-0.25,-0.19174528908803154,-0.1752278194143185,0.0029008596927193597,0.07466299690467564,-0.2014159816270482,0.014402331281192646,0.05068111523064034,2
D,3.0,-3.75,1.0,0.0,-0.19174528908803154,-0.1752278194143185,0.0029008596927193597,0.07466299690467564,-0.2014159816270482,0.014402331281192646,0.05068111523064034,2
D,3.0,-3.75,1.0,0.5,-0.32011964973825674,-0.29324804677134614,-0.003235919512900698,0.06583146681246756,-0.1942238267148021,-0.016660775187239598,-0.05381623997775298,3
D,3.0,-3.5,-0.5,-1.0,-0.02302538021574522,-0.022657454805747754,0.006927699576799062,0.14045424368477305,-0.33077537768376225,0.020943818809338006,0.12505346602974532,3
D,3.0,-3.5,-0.5,-0.5,-0.19264522585038382,-0.19070421041749613,-0.010165500156868235,0.11967629176237786,-0.38006614459009497,-0.026746660552551517,-0.16002835714799468,5
D,3.0,-3.5,-0.5,-0.25,-0.19264522585038382,-0.19070421041749613,-0.010165500156868235,0.11967629176237786,-0.38006614459009497,-0.026746660552551517,-0.16002835714799468,5
D,3.0,-3.5,-0.5,0.0,-0.19264522585038382,-0.19070421041749613,-0.010165500156868235,0.11967629176237786,-0.38006614459009497,-0.026746660552551517,-0.16002835714799468,5
D,3.0,-3.5,-0.5,0.5,-0.19264522585038382,-0.19070421041749613,-0.010165500156868235,0.11967629176237786,-0.38006614459009497,-0.026746660552551517,-0.16002835714799468,5
D,3.0,-3.5,0.0,-1.0,0.012899546006482313,0.011922661760992966,0.014182430274383595,0.12245380901379713,-0.2360775871295115,0.060075293240790174,0.27170387951603625,2
D,3.0,-3.5,0.0,-0.5,-0.1862661937597905,-0.1728171541993408,-0.0030339228504162596,0.09793218475984965,-0.2750877386145433,-0.011028927954754951,-0.05053828182232967,4
D,3.0,-3.5,0.0,-0.25,-0.1862661937597905,-0.1728171541993408,-0.0030339228504162596,0.09793218475984965,-0.2750877386145433,-0.011028927954754951,-0.05053828182232967,4
D,3.0,-3.5,0.0,0.0,-0.1862661937597905,-0.1728171541993408,-0.0030339228504162596,0.09793218475984965,-0.2750877386145433,-0.011028927954754951,-0.05053828182232967,4
D,3.0,-3.5,0.0,0.5,-0.1862661937597905,-0.1728171541993408,-0.0030339228504162596,0.09793218475984965,-0.2750877386145433,-0.011028927954754951,-0.05053828182232967,4
D,3.0,-3.5,0.25,-1.0,0.012899546006482313,0.011922661760992966,0.014182430274383595,0.12245380901379713,-0.2360775871295115,0.060075293240790174,0.27170387951603625,2
D,3.0,-3.5,0.25,-0.5,-0.1862661937597905,-0.1728171541993408,-0.0030339228504162596,0.09793218475984965,-0.2750877386145433,-0.011028927954754951,-0.05053828182232967,4
D,3.0,-3.5,0.25,-0.25,-0.1862661937597905,-0.1728171541993408,-0.0030339228504162596,0.09793218475984965,-0.2750877386145433,-0.011028927954754951,-0.05053828182232967,4
D,3.0,-3.5,0.25,0.0,-0.1862661937597905,-0.1728171541993408,-0.0030339228504162596,0.09793218475984965,-0.2750877386145433,-0.011028927954754951,-0.05053828182232967,4
D,3.0,-3.5,0.25,0.5,-0.1862661937597905,-0.1728171541993408,-0.0030339228504162596,0.09793218475984965,-0.2750877386145433,-0.011028927954754951,-0.05053828182232967,4
D,3.0,-3.5,0.5,-1.0,0.012899546006482313,0.011922661760992966,0.014182430274383595,0.12245380901379713,-0.2360775871295115,0.060075293240790174,0.27170387951603625,2
D,3.0,-3.5,0.5,-0.5,-0.1862661937597905,-0.1728171541993408,-0.0030339228504162596,0.09793218475984965,-0.2750877386145433,-0.011028927954754951,-0.05053828182232967,4
D,3.0,-3.5,0.5,-0.25,-0.1862661937597905,-0.1728171541993408,-0.0030339228504162596,0.09793218475984965,-0.2750877386145433,-0.011028927954754951,-0.05053828182232967,4
D,3.0,-3.5,0.5,0.0,-0.1862661937597905,-0.1728171541993408,-0.0030339228504162596,0.09793218475984965,-0.2750877386145433,-0.011028927954754951,-0.05053828182232967,4
D,3.0,-3.5,0.5,0.5,-0.1862661937597905,-0.1728171541993408,-0.0030339228504162596,0.09793218475984965,-0.2750877386145433,-0.011028927954754951,-0.05053828182232967,4
D,3.0,-3.5,1.0,-1.0,-0.1952821754418169,-0.17781464555124418,0.0024691412908870447,0.07527655492111429,-0.2014159816270482,0.012258914466176914,0.042988373978365635,2
D,3.0,-3.5,1.0,-0.5,-0.38000198692238973,-0.34919015313350105,-0.006801716502066402,0.06502674585112744,-0.22674912502342756,-0.029996660412090467,-0.10995621852880033,3
D,3.0,-3.5,1.0,-0.25,-0.38000198692238973,-0.34919015313350105,-0.006801716502066402,0.06502674585112744,-0.22674912502342756,-0.029996660412090467,-0.10995621852880033,3
D,3.0,-3.5,1.0,0.0,-0.38000198692238973,-0.34919015313350105,-0.006801716502066402,0.06502674585112744,-0.22674912502342756,-0.029996660412090467,-0.10995621852880033,3
D,3.0,-3.5,1.0,0.5,-0.38000198692238973,-0.34919015313350105,-0.006801716502066402,0.06502674585112744,-0.22674912502342756,-0.029996660412090467,-0.10995621852880033,3
D,3.0,-3.25,-0.5,-1.0,-0.02302538021574522,-0.022657454805747754,0.006927699576799062,0.14045424368477305,-0.33077537768376225,0.020943818809338006,0.12505346602974532,3
D,3.0,-3.25,-0.5,-0.5,-0.1662166659072184,-0.16510185910023234,-0.006458792164989902,0.11765886427499321,-0.33922907509421796,-0.01903961847372908,-0.1046966793337013,5
D,3.0,-3.25,-0.5,-0.25,-0.1662166659072184,-0.16510185910023234,-0.006458792164989902,0.11765886427499321,-0.33922907509421796,-0.01903961847372908,-0.1046966793337013,5
D,3.0,-3.25,-0.5,0.0,-0.1662166659072184,-0.16510185910023234,-0.006458792164989902,0.11765886427499321,-0.33922907509421796,-0.01903961847372908,-0.1046966793337013,5
D,3.0,-3.25,-0.5,0.5,-0.1472694481525842,-0.14954975720535832,-0.003049333728946224,0.11310554409971116,-0.33922907509421574,-0.008989010532482565,-0.050788742438876766,7
D,3.0,-3.25,0.0,-1.0,0.012899546006482313,0.011922661760992966,0.014182430274383595,0.12245380901379713,-0.2360775871295115,0.060075293240790174,0.27170387951603625,2
D,3.0,-3.25,0.0,-0.5,-0.15445141274775462,-0.1438825713478674,0.0006994912974918055,0.09545560592019925,-0.2750877386145433,0.0025427934411571223,0.012005865154865347,4
D,3.0,-3.25,0.0,-0.25,-0.15445141274775462,-0.1438825713478674,0.0006994912974918055,0.09545560592019925,-0.2750877386145433,0.0025427934411571223,0.012005865154865347,4
D,3.0,-3.25,0.0,0.0,-0.15445141274775462,-0.1438825713478674,0.0006994912974918055,0.09545560592019925,-0.2750877386145433,0.0025427934411571223,0.012005865154865347,4
D,3.0,-3.25,0.0,0.5,-0.2257116457874585,-0.22873808234870252,0.0007048906839843827,0.07351886597232399,-0.20074687409383782,0.003511340772633332,0.012099064206562371,4
D,3.0,-3.25,0.25,-1.0,0.012899546006482313,0.011922661760992966,0.014182430274383595,0.12245380901379713,-0.2360775871295115,0.060075293240790174,0.27170387951603625,2
D,3.0,-3.25,0.25,-0.5,-0.15445141274775462,-0.1438825713478674,0.0006994912974918055,0.09545560592019925,-0.2750877386145433,0.0025427934411571223,0.012005865154865347,4
D,3.0,-3.25,0.25,-0.25,-0.15445141274775462,-0.1438825713478674,0.0006994912974918055,0.09545560592019925,-0.2750877386145433,0.0025427934411571223,0.012005865154865347,4
D,3.0,-3.25,0.25,0.0,-0.15445141274775462,-0.1438825713478674,0.0006994912974918055,0.09545560592019925,-0.2750877386145433,0.0025427934411571223,0.012005865154865347,4
D,3.0,-3.25,0.25,0.5,-0.2257116457874585,-0.22873808234870252,0.0007048906839843827,0.07351886597232399,-0.20074687409383782,0.003511340772633332,0.012099064206562371,4
D,3.0,-3.25,0.5,-1.0,0.012899546006482313,0.011922661760992966,0.014182430274383595,0.12245380901379713,-0.2360775871295115,0.060075293240790174,0.27170387951603625,2
D,3.0,-3.25,0.5,-0.5,-0.15445141274775462,-0.1438825713478674,0.0006994912974918055,0.09545560592019925,-0.2750877386145433,0.0025427934411571223,0.012005865154865347,4
D,3.0,-3.25,0.5,-0.25,-0.15445141274775462,-0.1438825713478674,0.0006994912974918055,0.09545560592019925,-0.2750877386145433,0.0025427934411571223,0.012005865154865347,4
D,3.0,-3.25,0.5,0.0,-0.15445141274775462,-0.1438825713478674,0.0006994912974918055,0.09545560592019925,-0.2750877386145433,0.0025427934411571223,0.012005865154865347,4
D,3.0,-3.25,0.5,0.5,-0.2257116457874585,-0.22873808234870252,0.0007048906839843827,0.07351886597232399,-0.20074687409383782,0.003511340772633332,0.012099064206562371,4
D,3.0,-3.25,1.0,-1.0,-0.1952821754418169,-0.17781464555124418,0.0024691412908870447,0.07527655492111429,-0.2014159816270482,0.012258914466176914,0.042988373978365635,2
D,3.0,-3.25,1.0,-0.5,-0.3464050513407927,-0.319854418862772,-0.00308241189554348,0.0612349341746645,-0.22674912502342756,-0.013593930716270712,-0.05132612526782898,3
D,3.0,-3.25,1.0,-0.25,-0.3464050513407927,-0.319854418862772,-0.00308241189554348,0.0612349341746645,-0.22674912502342756,-0.013593930716270712,-0.05132612526782898,3
D,3.0,-3.25,1.0,0.0,-0.3464050513407927,-0.319854418862772,-0.00308241189554348,0.0612349341746645,-0.22674912502342756,-0.013593930716270712,-0.05132612526782898,3
D,3.0,-3.25,1.0,0.5,-0.41671793073315117,-0.4143698739057186,-0.003542150306300118,0.053123454384615944,-0.19422382671480212,-0.018237465331693854,-0.05876537490114597,3
D,3.0,-3.0,-0.5,-1.0,0.04480387084298828,0.044347201317585,0.017045377889364666,0.13540739595467408,-0.25291343358680507,0.0673960953660231,0.3343839154351227,6
D,3.0,-3.0,-0.5,-0.5,-0.08747144470257374,-0.08758775005910498,0.004028161801224561,0.11155669248179124,-0.2688514926147376,0.014982850800076792,0.07102099384876581,8
D,3.0,-3.0,-0.5,-0.25,-0.07917228490466538,-0.07932778912370132,0.004971780983101581,0.11148580974658932,-0.2688514926147376,0.01849266647080182,0.08833110795050425,8
D,3.0,-3.0,-0.5,0.0,-0.07917228490466538,-0.07932778912370132,0.004971780983101581,0.11148580974658932,-0.2688514926147376,0.01849266647080182,0.08833110795050425,8
D,3.0,-3.0,-0.5,0.5,-0.05556216297513384,-0.05698696619112138,0.008420464831983443,0.10666815167872037,-0.2688514926147331,0.03132013421271963,0.15386161960371258,10
D,3.0,-3.0,0.0,-1.0,0.007533691845894449,0.0070408186460691165,0.013768997917420256,0.12026455263757137,-0.2360775871295121,0.05832403696106309,0.2628848343612986,3
D,3.0,-3.0,0.0,-0.5,-0.16112961871465573,-0.15171091510425963,0.0007937163850131324,0.09258859121525805,-0.2688514926147376,0.002952248385507469,0.013633448941211768,5
D,3.0,-3.0,0.0,-0.25,-0.16112961871465573,-0.15171091510425963,0.0007937163850131324,0.09258859121525805,-0.2688514926147376,0.002952248385507469,0.013633448941211768,5
D,3.0,-3.0,0.0,0.0,-0.16112961871465573,-0.15171091510425963,0.0007937163850131324,0.09258859121525805,-0.2688514926147376,0.002952248385507469,0.013633448941211768,5
D,3.0,-3.0,0.0,0.5,-0.24734877798675806,-0.253537010031595,0.0002969524578533278,0.06981084286424923,-0.20628955546876937,0.0014394934206850044,0.005080333280237381,5
D,3.0,-3.0,0.25,-1.0,0.007533691845894449,0.0070408186460691165,0.013768997917420256,0.12026455263757137,-0.2360775871295121,0.05832403696106309,0.2628848343612986,3
D,3.0,-3.0,0.25,-0.5,-0.16112961871465573,-0.15171091510425963,0.0007937163850131324,0.09258859121525805,-0.2688514926147376,0.002952248385507469,0.013633448941211768,5
D,3.0,-3.0,0.25,-0.25,-0.16112961871465573,-0.15171091510425963,0.0007937163850131324,0.09258859121525805,-0.2688514926147376,0.002952248385507469,0.013633448941211768,5
D,3.0,-3.0,0.25,0.0,-0.16112961871465573,-0.15171091510425963,0.0007937163850131324,0.09258859121525805,-0.2688514926147376,0.002952248385507469,0.013633448941211768,5
D,3.0,-3.0,0.25,0.5,-0.24734877798675806,-0.253537010031595,0.0002969524578533278,0.06981084286424923,-0.20628955546876937,0.0014394934206850044,0.005080333280237381,5
D,3.0,-3.0,0.5,-1.0,0.007533691845894449,0.0070408186460691165,0.013768997917420256,0.12026455263757137,-0.2360775871295121,0.05832403696106309,0.2628848343612986,3
D,3.0,-3.0,0.5,-0.5,-0.16112961871465573,-0.15171091510425963,0.0007937163850131324,0.09258859121525805,-0.2688514926147376,0.002952248385507469,0.013633448941211768,5
D,3.0,-3.0,0.5,-0.25,-0.16112961871465573,-0.15171091510425963,0.0007937163850131324,0.09258859121525805,-0.2688514926147376,0.002952248385507469,0.013633448941211768,5
D,3.0,-3.0,0.5,0.0,-0.16112961871465573,-0.15171091510425963,0.0007937163850131324,0.09258859121525805,-0.2688514926147376,0.002952248385507469,0.013633448941211768,5
D,3.0,-3.0,0.5,0.5,-0.24734877798675806,-0.253537010031595,0.0002969524578533278,0.06981084286424923,-0.20628955546876937,0.0014394934206850044,0.005080333280237381,5
D,3.0,-3.0,1.0,-1.0,-0.7066367283498434,-0.6998881480017686,-0.012578080077457532,0.044794585496871285,-0.22179300177851444,-0.0567108969922242,-0.1942948456410768,3
D,3.0,-3.0,1.0,-0.5,-0.7498544029174128,-0.7513744753560261,-0.009028537702145623,0.03781332732078431,-0.22179300177851444,-0.040707044991264624,-0.1434084232244056,3
D,3.0,-3.0,1.0,-0.25,-0.7498544029174128,-0.7513744753560261,-0.009028537702145623,0.03781332732078431,-0.22179300177851444,-0.040707044991264624,-0.1434084232244056,3
D,3.0,-3.0,1.0,0.0,-0.7498544029174128,-0.7513744753560261,-0.009028537702145623,0.03781332732078431,-0.22179300177851444,-0.040707044991264624,-0.1434084232244056,3
D,3.0,-3.0,1.0,0.5,-0.7498544029174128,-0.7513744753560261,-0.009028537702145623,0.03781332732078431,-0.22179300177851444,-0.040707044991264624,-0.1434084232244056,3
D,3.0,-2.5,-0.5,-1.0,0.03670655084580989,0.03631140929373225,0.01593869410739912,0.13532902845639322,-0.25291343358680424,0.06302035396600904,0.30981756950967587,6
D,3.0,-2.5,-0.5,-0.5,-0.09740936056803304,-0.09745524486627057,0.0029356425218902693,0.11146093770637254,-0.2688514926147352,0.01091919741021134,0.05130322602800974,8
D,3.0,-2.5,-0.5,-0.25,-0.08910941005041201,-0.08920780681449263,0.0038782349176791353,0.11139003051572481,-0.2688514926147352,0.014425193923831604,0.06829465654392708,8
D,3.0,-2.5,-0.5,0.0,-0.06430589719632869,-0.06291453883125578,0.007906476985292565,0.10418002794858358,-0.2688514926147352,0.02940834327679395,0.14386492534917839,10
D,3.0,-2.5,-0.5,0.5,-0.10233305530045034,-0.10405021465548663,0.0058181258578746675,0.0948328117715398,-0.220901965824928,0.026338044734675298,0.10408051561727194,14
D,3.0,-2.5,0.0,-1.0,-0.0016082856456911356,-0.0015019635030725676,0.012665879282750314,0.12017612349746729,-0.2360775871295135,0.053651341648971285,0.23963480463143627,3
D,3.0,-2.5,0.0,-0.5,-0.17321905856578815,-0.1628901906683861,-0.0002952833775294872,0.09247295385230762,-0.2688514926147352,-0.001098314071674614,-0.005027799639691355,5
D,3.0,-2.5,0.0,-0.25,-0.17321905856578815,-0.1628901906683861,-0.0002952833775294872,0.09247295385230762,-0.2688514926147352,-0.001098314071674614,-0.005027799639691355,5
D,3.0,-2.5,0.0,0.0,-0.17321905856578815,-0.1628901906683861,-0.0002952833775294872,0.09247295385230762,-0.2688514926147352,-0.001098314071674614,-0.005027799639691355,5
D,3.0,-2.5,0.0,0.5,-0.26367591020051884,-0.2696786359437535,-0.0007915067579311597,0.06965725561070618,-0.220901965824928,-0.0035830679685234425,-0.01342345027456704,5
D,3.0,-2.5,0.25,-1.0,-0.0016082856456911356,-0.0015019635030725676,0.012665879282750314,0.12017612349746729,-0.2360775871295135,0.053651341648971285,0.23963480463143627,3
D,3.0,-2.5,0.25,-0.5,-0.17321905856578815,-0.1628901906683861,-0.0002952833775294872,0.09247295385230762,-0.2688514926147352,-0.001098314071674614,-0.005027799639691355,5
D,3.0,-2.5,0.25,-0.25,-0.17321905856578815,-0.1628901906683861,-0.0002952833775294872,0.09247295385230762,-0.2688514926147352,-0.001098314071674614,-0.005027799639691355,5
D,3.0,-2.5,0.25,0.0,-0.17321905856578815,-0.1628901906683861,-0.0002952833775294872,0.09247295385230762,-0.2688514926147352,-0.001098314071674614,-0.005027799639691355,5
D,3.0,-2.5,0.25,0.5,-0.26367591020051884,-0.2696786359437535,-0.0007915067579311597,0.06965725561070618,-0.220901965824928,-0.0035830679685234425,-0.01342345027456704,5
D,3.0,-2.5,0.5,-1.0,-0.0016082856456911356,-0.0015019635030725676,0.012665879282750314,0.12017612349746729,-0.2360775871295135,0.053651341648971285,0.23963480463143627,3
D,3.0,-2.5,0.5,-0.5,-0.17321905856578815,-0.1628901906683861,-0.0002952833775294872,0.09247295385230762,-0.2688514926147352,-0.001098314071674614,-0.005027799639691355,5
D,3.0,-2.5,0.5,-0.25,-0.17321905856578815,-0.1628901906683861,-0.0002952833775294872,0.09247295385230762,-0.2688514926147352,-0.001098314071674614,-0.005027799639691355,5
D,3.0,-2.5,0.5,0.0,-0.17321905856578815,-0.1628901906683861,-0.0002952833775294872,0.09247295385230762,-0.2688514926147352,-0.001098314071674614,-0.005027799639691355,5
D,3.0,-2.5,0.5,0.5,-0.26367591020051884,-0.2696786359437535,-0.0007915067579311597,0.06965725561070618,-0.220901965824928,-0.0035830679685234425,-0.01342345027456704,5
D,3.0,-2.5,1.0,-1.0,-0.7351354744557662,-0.7241987063858167,-0.013652529505666089,0.04455343819552122,-0.23611998976058493,-0.05782030364946712,-0.2091280816438027,3
D,3.0,-2.5,1.0,-0.5,-0.784854401076499,-0.7805112574188848,-0.010106849515519656,0.037527729363474434,-0.23611998976058493,-0.0428038707174583,-0.15917849115498683,3
D,3.0,-2.5,1.0,-0.25,-0.784854401076499,-0.7805112574188848,-0.010106849515519656,0.037527729363474434,-0.23611998976058493,-0.0428038707174583,-0.15917849115498683,3
D,3.0,-2.5,1.0,0.0,-0.784854401076499,-0.7805112574188848,-0.010106849515519656,0.037527729363474434,-0.23611998976058493,-0.0428038707174583,-0.15917849115498683,3
D,3.0,-2.5,1.0,0.5,-0.784854401076499,-0.7805112574188848,-0.010106849515519656,0.037527729363474434,-0.23611998976058493,-0.0428038707174583,-0.15917849115498683,3
