z_windows,k_slope,yc_cw,k_yc,term_z_w,k_term,tl_c,ts_c,tl_s,adapt_days,adapt_raise,max_hold_days,sharpe,sortino,calmar,ann_ret,mdd,excess,n_events,n_dead,win_rate,consistency,min_excess,composite_score
"[63, 252]",1.0,84,0.3,63,0.4,-3.75,3.625,-2.625,63,0.75,0,0.5386815822222913,0.5896381079804912,0.3321946143115028,0.06532225825489357,-0.19663852284384153,0.08144340190305488,91,2,0.7222222222222222,7.98454186030148,-0.15694355921917835,0.322547043790985
"[63, 252]",1.0,84,0.3,63,0.4,-3.75,3.625,-2.625,42,0.75,0,0.5386815822222913,0.5896381079804912,0.3321946143115028,0.06532225825489357,-0.19663852284384153,0.08144340190305488,91,2,0.7222222222222222,7.98454186030148,-0.15694355921917835,0.322547043790985
"[63, 252]",1.0,84,0.3,63,0.4,-3.75,3.625,-2.625,63,0.5,0,0.5386815822222913,0.5896381079804912,0.3321946143115028,0.06532225825489357,-0.19663852284384153,0.08144340190305488,91,2,0.7222222222222222,7.98454186030148,-0.15694355921917835,0.322547043790985
"[63, 252]",1.0,84,0.3,63,0.4,-3.75,3.625,-2.625,42,1.0,0,0.5386815822222913,0.5896381079804912,0.3321946143115028,0.06532225825489357,-0.19663852284384153,0.08144340190305488,91,2,0.7222222222222222,7.98454186030148,-0.15694355921917835,0.322547043790985
"[63, 252]",1.0,84,0.3,63,0.4,-3.75,3.625,-2.625,42,0.5,0,0.5386815822222913,0.5896381079804912,0.3321946143115028,0.06532225825489357,-0.19663852284384153,0.08144340190305488,91,2,0.7222222222222222,7.98454186030148,-0.15694355921917835,0.322547043790985
"[63, 252]",1.0,84,0.3,63,0.4,-3.75,3.625,-2.625,0,0.0,0,0.5386815822222913,0.5896381079804912,0.3321946143115028,0.06532225825489357,-0.19663852284384153,0.08144340190305488,94,2,0.7222222222222222,7.98454186030148,-0.15694355921917835,0.322547043790985
"[63, 252]",1.0,84,0.3,63,0.4,-3.75,3.625,-2.75,42,1.0,0,0.5333090635219201,0.5837554379826443,0.3299573537574391,0.06488232664432547,-0.19663852284384087,0.08100347029248678,89,2,0.7222222222222222,8.029463731018396,-0.15694355921917835,0.31919585813555446
"[63, 252]",1.0,84,0.3,63,0.4,-3.75,3.625,-2.75,42,0.75,0,0.5333090635219201,0.5837554379826443,0.3299573537574391,0.06488232664432547,-0.19663852284384087,0.08100347029248678,89,2,0.7222222222222222,8.029463731018396,-0.15694355921917835,0.31919585813555446
"[63, 252]",1.0,84,0.3,63,0.4,-3.75,3.625,-2.75,0,0.0,0,0.5333090635219201,0.5837554379826443,0.3299573537574391,0.06488232664432547,-0.19663852284384087,0.08100347029248678,92,2,0.7222222222222222,8.029463731018396,-0.15694355921917835,0.31919585813555446
"[63, 252]",1.0,84,0.3,63,0.4,-3.75,3.625,-2.75,42,0.5,0,0.5333090635219201,0.5837554379826443,0.3299573537574391,0.06488232664432547,-0.19663852284384087,0.08100347029248678,89,2,0.7222222222222222,8.029463731018396,-0.15694355921917835,0.31919585813555446
"[63, 252]",1.0,84,0.3,63,0.4,-3.75,3.625,-2.75,63,0.5,0,0.5333090635219201,0.5837554379826443,0.3299573537574391,0.06488232664432547,-0.19663852284384087,0.08100347029248678,89,2,0.7222222222222222,8.029463731018396,-0.15694355921917835,0.31919585813555446
"[63, 252]",1.0,84,0.3,63,0.4,-3.75,3.625,-2.75,63,0.75,0,0.5333090635219201,0.5837554379826443,0.3299573537574391,0.06488232664432547,-0.19663852284384087,0.08100347029248678,89,2,0.7222222222222222,8.029463731018396,-0.15694355921917835,0.31919585813555446
"[63, 252]",1.0,84,0.3,63,0.4,-3.625,3.625,-2.625,42,1.0,0,0.497019886864644,0.5381686596309432,0.31223763373556324,0.06139794707401758,-0.19663852284384153,0.07751909072217888,95,2,0.7222222222222222,7.556051727896941,-0.1897735323277323,0.2942187907729235
"[63, 252]",1.0,84,0.3,63,0.4,-3.625,3.625,-2.625,63,0.5,0,0.497019886864644,0.5381686596309432,0.31223763373556324,0.06139794707401758,-0.19663852284384153,0.07751909072217888,95,2,0.7222222222222222,7.556051727896941,-0.1897735323277323,0.2942187907729235
"[63, 252]",1.0,84,0.3,63,0.4,-3.625,3.625,-2.625,63,0.75,0,0.497019886864644,0.5381686596309432,0.31223763373556324,0.06139794707401758,-0.19663852284384153,0.07751909072217888,95,2,0.7222222222222222,7.556051727896941,-0.1897735323277323,0.2942187907729235
"[63, 252]",1.0,84,0.3,63,0.4,-3.625,3.625,-2.625,42,0.75,0,0.497019886864644,0.5381686596309432,0.31223763373556324,0.06139794707401758,-0.19663852284384153,0.07751909072217888,95,2,0.7222222222222222,7.556051727896941,-0.1897735323277323,0.2942187907729235
"[63, 252]",1.0,84,0.3,63,0.4,-3.625,3.625,-2.625,0,0.0,0,0.497019886864644,0.5381686596309432,0.31223763373556324,0.06139794707401758,-0.19663852284384153,0.07751909072217888,98,2,0.7222222222222222,7.556051727896941,-0.1897735323277323,0.2942187907729235
"[63, 252]",1.0,84,0.3,63,0.4,-3.625,3.625,-2.625,42,0.5,0,0.497019886864644,0.5381686596309432,0.31223763373556324,0.06139794707401758,-0.19663852284384153,0.07751909072217888,95,2,0.7222222222222222,7.556051727896941,-0.1897735323277323,0.2942187907729235
"[63, 252]",1.0,84,0.3,63,0.4,-3.625,3.625,-2.75,42,1.0,0,0.491622862053017,0.532312574582742,0.31000861454371853,0.06095963603274246,-0.19663852284384087,0.07708077968090377,93,2,0.7222222222222222,7.594788465814773,-0.1897735323277323,0.2908581700693105
"[63, 252]",1.0,84,0.3,63,0.4,-3.625,3.625,-2.75,0,0.0,0,0.491622862053017,0.532312574582742,0.31000861454371853,0.06095963603274246,-0.19663852284384087,0.07708077968090377,96,2,0.7222222222222222,7.594788465814773,-0.1897735323277323,0.2908581700693105
"[63, 252]",1.0,84,0.3,63,0.4,-3.625,3.625,-2.75,63,0.75,0,0.491622862053017,0.532312574582742,0.31000861454371853,0.06095963603274246,-0.19663852284384087,0.07708077968090377,93,2,0.7222222222222222,7.594788465814773,-0.1897735323277323,0.2908581700693105
"[63, 252]",1.0,84,0.3,63,0.4,-3.625,3.625,-2.75,42,0.5,0,0.491622862053017,0.532312574582742,0.31000861454371853,0.06095963603274246,-0.19663852284384087,0.07708077968090377,93,2,0.7222222222222222,7.594788465814773,-0.1897735323277323,0.2908581700693105
"[63, 252]",1.0,84,0.3,63,0.4,-3.625,3.625,-2.75,42,0.75,0,0.491622862053017,0.532312574582742,0.31000861454371853,0.06095963603274246,-0.19663852284384087,0.07708077968090377,93,2,0.7222222222222222,7.594788465814773,-0.1897735323277323,0.2908581700693105
"[63, 252]",1.0,84,0.3,63,0.4,-3.625,3.625,-2.75,63,0.5,0,0.491622862053017,0.532312574582742,0.31000861454371853,0.06095963603274246,-0.19663852284384087,0.07708077968090377,93,2,0.7222222222222222,7.594788465814773,-0.1897735323277323,0.2908581700693105
"[63, 252]",1.0,84,0.2,252,0.4,-3.75,3.75,-3.125,0,0.0,0,0.4870108799304677,0.5285591296842977,0.31543858944724396,0.062027378276850786,-0.19663852284384076,0.0781485219250121,72,2,0.7222222222222222,8.499197677508835,-0.18667545268935104,0.28896857211292415
"[63, 252]",1.0,84,0.2,252,0.4,-3.75,3.75,-3.125,42,1.0,0,0.4870108799304677,0.5285591296842977,0.31543858944724396,0.062027378276850786,-0.19663852284384076,0.0781485219250121,69,2,0.7222222222222222,8.499197677508835,-0.18667545268935104,0.28896857211292415
"[63, 252]",1.0,84,0.2,252,0.4,-3.75,3.75,-3.125,42,0.75,0,0.4870108799304677,0.5285591296842977,0.31543858944724396,0.062027378276850786,-0.19663852284384076,0.0781485219250121,70,2,0.7222222222222222,8.499197677508835,-0.18667545268935104,0.28896857211292415
"[63, 252]",1.0,84,0.2,252,0.4,-3.75,3.75,-3.125,42,0.5,0,0.4870108799304677,0.5285591296842977,0.31543858944724396,0.062027378276850786,-0.19663852284384076,0.0781485219250121,71,2,0.7222222222222222,8.499197677508835,-0.18667545268935104,0.28896857211292415
"[63, 252]",1.0,84,0.2,252,0.4,-3.75,3.75,-3.125,63,0.5,0,0.4870108799304677,0.5285591296842977,0.31543858944724396,0.062027378276850786,-0.19663852284384076,0.0781485219250121,71,2,0.7222222222222222,8.499197677508835,-0.18667545268935104,0.28896857211292415
"[63, 252]",1.0,84,0.2,252,0.4,-3.75,3.75,-3.0,63,0.75,0,0.4870108799304677,0.5285591296842977,0.31543858944724396,0.062027378276850786,-0.19663852284384076,0.0781485219250121,74,2,0.7222222222222222,8.499197677508835,-0.18667545268935104,0.28896857211292415
"[63, 252]",1.0,84,0.2,252,0.4,-3.75,3.75,-3.0,63,0.5,0,0.4870108799304677,0.5285591296842977,0.31543858944724396,0.062027378276850786,-0.19663852284384076,0.0781485219250121,75,2,0.7222222222222222,8.499197677508835,-0.18667545268935104,0.28896857211292415
"[63, 252]",1.0,84,0.2,252,0.4,-3.75,3.75,-3.0,42,1.0,0,0.4870108799304677,0.5285591296842977,0.31543858944724396,0.062027378276850786,-0.19663852284384076,0.0781485219250121,73,2,0.7222222222222222,8.499197677508835,-0.18667545268935104,0.28896857211292415
"[63, 252]",1.0,84,0.2,252,0.4,-3.75,3.75,-3.0,126,1.0,0,0.4870108799304677,0.5285591296842977,0.31543858944724396,0.062027378276850786,-0.19663852284384076,0.0781485219250121,76,2,0.7222222222222222,8.499197677508835,-0.18667545268935104,0.28896857211292415
"[63, 252]",1.0,84,0.2,252,0.4,-3.75,3.75,-3.125,126,1.0,0,0.4870108799304677,0.5285591296842977,0.31543858944724396,0.062027378276850786,-0.19663852284384076,0.0781485219250121,72,2,0.7222222222222222,8.499197677508835,-0.18667545268935104,0.28896857211292415
"[63, 252]",1.0,84,0.2,252,0.4,-3.75,3.75,-3.0,126,0.5,0,0.4870108799304677,0.5285591296842977,0.31543858944724396,0.062027378276850786,-0.19663852284384076,0.0781485219250121,76,2,0.7222222222222222,8.499197677508835,-0.18667545268935104,0.28896857211292415
"[63, 252]",1.0,84,0.2,252,0.4,-3.75,3.75,-3.0,63,1.0,0,0.4870108799304677,0.5285591296842977,0.31543858944724396,0.062027378276850786,-0.19663852284384076,0.0781485219250121,73,2,0.7222222222222222,8.499197677508835,-0.18667545268935104,0.28896857211292415
"[63, 252]",1.0,84,0.2,252,0.4,-3.75,3.75,-3.125,126,0.75,0,0.4870108799304677,0.5285591296842977,0.31543858944724396,0.062027378276850786,-0.19663852284384076,0.0781485219250121,72,2,0.7222222222222222,8.499197677508835,-0.18667545268935104,0.28896857211292415
"[63, 252]",1.0,84,0.2,252,0.4,-3.75,3.75,-3.125,126,0.5,0,0.4870108799304677,0.5285591296842977,0.31543858944724396,0.062027378276850786,-0.19663852284384076,0.0781485219250121,72,2,0.7222222222222222,8.499197677508835,-0.18667545268935104,0.28896857211292415
"[63, 252]",1.0,84,0.2,252,0.4,-3.75,3.75,-3.125,63,1.0,0,0.4870108799304677,0.5285591296842977,0.31543858944724396,0.062027378276850786,-0.19663852284384076,0.0781485219250121,69,2,0.7222222222222222,8.499197677508835,-0.18667545268935104,0.28896857211292415
"[63, 252]",1.0,84,0.2,252,0.4,-3.75,3.75,-3.125,63,0.75,0,0.4870108799304677,0.5285591296842977,0.31543858944724396,0.062027378276850786,-0.19663852284384076,0.0781485219250121,70,2,0.7222222222222222,8.499197677508835,-0.18667545268935104,0.28896857211292415
"[63, 252]",1.0,84,0.2,252,0.4,-3.75,3.75,-3.0,0,0.0,0,0.4870108799304677,0.5285591296842977,0.31543858944724396,0.062027378276850786,-0.19663852284384076,0.0781485219250121,76,2,0.7222222222222222,8.499197677508835,-0.18667545268935104,0.28896857211292415
"[63, 252]",1.0,84,0.2,252,0.4,-3.75,3.75,-3.0,126,0.75,0,0.4870108799304677,0.5285591296842977,0.31543858944724396,0.062027378276850786,-0.19663852284384076,0.0781485219250121,76,2,0.7222222222222222,8.499197677508835,-0.18667545268935104,0.28896857211292415
"[63, 252]",1.0,84,0.2,252,0.4,-3.75,3.75,-3.0,42,0.5,0,0.4870108799304677,0.5285591296842977,0.31543858944724396,0.062027378276850786,-0.19663852284384076,0.0781485219250121,75,2,0.7222222222222222,8.499197677508835,-0.18667545268935104,0.28896857211292415
"[63, 252]",1.0,84,0.2,252,0.4,-3.75,3.75,-3.0,42,0.75,0,0.4870108799304677,0.5285591296842977,0.31543858944724396,0.062027378276850786,-0.19663852284384076,0.0781485219250121,74,2,0.7222222222222222,8.499197677508835,-0.18667545268935104,0.28896857211292415
"[63, 252]",1.0,84,0.3,63,0.4,-3.75,3.625,-2.875,42,1.0,0,0.48810228914317705,0.5246440434671416,0.3131383281361895,0.06157505829049059,-0.19663852284384198,0.0776962019386519,81,2,0.7222222222222222,7.6034888696388325,-0.2154528155560782,0.28755175097855024
"[63, 252]",1.0,84,0.3,63,0.4,-3.75,3.625,-2.875,42,0.75,0,0.48810228914317705,0.5246440434671416,0.3131383281361895,0.06157505829049059,-0.19663852284384198,0.0776962019386519,81,2,0.7222222222222222,7.6034888696388325,-0.2154528155560782,0.28755175097855024
"[63, 252]",1.0,84,0.3,63,0.4,-3.75,3.625,-2.875,63,0.5,0,0.48810228914317705,0.5246440434671416,0.3131383281361895,0.06157505829049059,-0.19663852284384198,0.0776962019386519,81,2,0.7222222222222222,7.6034888696388325,-0.2154528155560782,0.28755175097855024
"[63, 252]",1.0,84,0.3,63,0.4,-3.75,3.625,-2.875,63,0.75,0,0.48810228914317705,0.5246440434671416,0.3131383281361895,0.06157505829049059,-0.19663852284384198,0.0776962019386519,81,2,0.7222222222222222,7.6034888696388325,-0.2154528155560782,0.28755175097855024
"[63, 252]",1.0,84,0.3,63,0.4,-3.75,3.625,-2.875,42,0.5,0,0.48810228914317705,0.5246440434671416,0.3131383281361895,0.06157505829049059,-0.19663852284384198,0.0776962019386519,81,2,0.7222222222222222,7.6034888696388325,-0.2154528155560782,0.28755175097855024
"[63, 252]",1.0,84,0.3,63,0.4,-3.75,3.625,-2.875,0,0.0,0,0.48810228914317705,0.5246440434671416,0.3131383281361895,0.06157505829049059,-0.19663852284384198,0.0776962019386519,84,2,0.7222222222222222,7.6034888696388325,-0.2154528155560782,0.28755175097855024
"[63, 252]",1.0,84,0.3,63,0.4,-3.75,3.75,-2.75,42,0.75,0,0.48064255584929266,0.5186565938404654,0.3040607278155235,0.059790052372467706,-0.19663852284384087,0.07591119602062901,87,2,0.7222222222222222,8.340679148051121,-0.15694355921917835,0.2853905283943858
"[63, 252]",1.0,84,0.3,63,0.4,-3.75,3.75,-2.75,42,0.5,0,0.48064255584929266,0.5186565938404654,0.3040607278155235,0.059790052372467706,-0.19663852284384087,0.07591119602062901,87,2,0.7222222222222222,8.340679148051121,-0.15694355921917835,0.2853905283943858
"[63, 252]",1.0,84,0.3,63,0.4,-3.75,3.75,-2.75,0,0.0,0,0.48064255584929266,0.5186565938404654,0.3040607278155235,0.059790052372467706,-0.19663852284384087,0.07591119602062901,89,2,0.7222222222222222,8.340679148051121,-0.15694355921917835,0.2853905283943858
"[63, 252]",1.0,84,0.3,63,0.4,-3.75,3.75,-2.75,42,1.0,0,0.48064255584929266,0.5186565938404654,0.3040607278155235,0.059790052372467706,-0.19663852284384087,0.07591119602062901,85,2,0.7222222222222222,8.340679148051121,-0.15694355921917835,0.2853905283943858
"[63, 252]",1.0,84,0.3,63,0.4,-3.75,3.75,-2.75,126,0.75,0,0.48064255584929266,0.5186565938404654,0.3040607278155235,0.059790052372467706,-0.19663852284384087,0.07591119602062901,89,2,0.7222222222222222,8.340679148051121,-0.15694355921917835,0.2853905283943858
"[63, 252]",1.0,84,0.3,63,0.4,-3.75,3.75,-2.75,126,1.0,0,0.48064255584929266,0.5186565938404654,0.3040607278155235,0.059790052372467706,-0.19663852284384087,0.07591119602062901,89,2,0.7222222222222222,8.340679148051121,-0.15694355921917835,0.2853905283943858
"[63, 252]",1.0,84,0.3,63,0.4,-3.75,3.75,-2.75,126,0.5,0,0.48064255584929266,0.5186565938404654,0.3040607278155235,0.059790052372467706,-0.19663852284384087,0.07591119602062901,89,2,0.7222222222222222,8.340679148051121,-0.15694355921917835,0.2853905283943858
"[63, 252]",1.0,84,0.3,63,0.4,-3.75,3.75,-2.75,63,0.75,0,0.48064255584929266,0.5186565938404654,0.3040607278155235,0.059790052372467706,-0.19663852284384087,0.07591119602062901,87,2,0.7222222222222222,8.340679148051121,-0.15694355921917835,0.2853905283943858
"[63, 252]",1.0,84,0.3,63,0.4,-3.75,3.75,-2.75,63,1.0,0,0.48064255584929266,0.5186565938404654,0.3040607278155235,0.059790052372467706,-0.19663852284384087,0.07591119602062901,85,2,0.7222222222222222,8.340679148051121,-0.15694355921917835,0.2853905283943858
"[63, 252]",1.0,84,0.3,63,0.4,-3.75,3.75,-2.75,63,0.5,0,0.48064255584929266,0.5186565938404654,0.3040607278155235,0.059790052372467706,-0.19663852284384087,0.07591119602062901,87,2,0.7222222222222222,8.340679148051121,-0.15694355921917835,0.2853905283943858
"[63, 252]",1.0,84,0.3,63,0.4,-3.75,3.75,-2.625,63,0.5,0,0.48010732612992385,0.5181737175183605,0.30383547598437016,0.05974575918512204,-0.19663852284384153,0.07586690283328335,89,2,0.7222222222222222,8.34357934160322,-0.15694355921917835,0.28506417262742817
"[63, 252]",1.0,84,0.3,63,0.4,-3.75,3.75,-2.625,42,0.75,0,0.48010732612992385,0.5181737175183605,0.30383547598437016,0.05974575918512204,-0.19663852284384153,0.07586690283328335,89,2,0.7222222222222222,8.34357934160322,-0.15694355921917835,0.28506417262742817
"[63, 252]",1.0,84,0.3,63,0.4,-3.75,3.75,-2.625,0,0.0,0,0.48010732612992385,0.5181737175183605,0.30383547598437016,0.05974575918512204,-0.19663852284384153,0.07586690283328335,91,2,0.7222222222222222,8.34357934160322,-0.15694355921917835,0.28506417262742817
"[63, 252]",1.0,84,0.3,63,0.4,-3.75,3.75,-2.625,63,0.75,0,0.48010732612992385,0.5181737175183605,0.30383547598437016,0.05974575918512204,-0.19663852284384153,0.07586690283328335,89,2,0.7222222222222222,8.34357934160322,-0.15694355921917835,0.28506417262742817
"[63, 252]",1.0,84,0.3,63,0.4,-3.75,3.75,-2.625,42,1.0,0,0.48010732612992385,0.5181737175183605,0.30383547598437016,0.05974575918512204,-0.19663852284384153,0.07586690283328335,87,2,0.7222222222222222,8.34357934160322,-0.15694355921917835,0.28506417262742817
"[63, 252]",1.0,84,0.3,63,0.4,-3.75,3.75,-2.625,42,0.5,0,0.48010732612992385,0.5181737175183605,0.30383547598437016,0.05974575918512204,-0.19663852284384153,0.07586690283328335,89,2,0.7222222222222222,8.34357934160322,-0.15694355921917835,0.28506417262742817
"[63, 252]",1.0,84,0.3,63,0.4,-3.75,3.875,-2.75,42,1.0,0,0.4800746548195207,0.5181333870177842,0.3038215784336973,0.05974302639128637,-0.19663852284384087,0.07586417003944768,84,2,0.7222222222222222,8.342250834021057,-0.15694355921917835,0.2850434224296161
"[63, 252]",1.0,84,0.3,63,0.4,-3.75,3.875,-2.75,42,0.75,0,0.4800746548195207,0.5181333870177842,0.3038215784336973,0.05974302639128637,-0.19663852284384087,0.07586417003944768,86,2,0.7222222222222222,8.342250834021057,-0.15694355921917835,0.2850434224296161
"[63, 252]",1.0,84,0.3,63,0.4,-3.75,3.875,-2.75,42,0.5,0,0.4800746548195207,0.5181333870177842,0.3038215784336973,0.05974302639128637,-0.19663852284384087,0.07586417003944768,86,2,0.7222222222222222,8.342250834021057,-0.15694355921917835,0.2850434224296161
"[63, 252]",1.0,84,0.3,63,0.4,-3.75,3.875,-2.75,0,0.0,0,0.4800746548195207,0.5181333870177842,0.3038215784336973,0.05974302639128637,-0.19663852284384087,0.07586417003944768,87,2,0.7222222222222222,8.342250834021057,-0.15694355921917835,0.2850434224296161
"[63, 252]",1.0,84,0.3,63,0.4,-3.75,3.875,-2.75,63,0.5,0,0.4800746548195207,0.5181333870177842,0.3038215784336973,0.05974302639128637,-0.19663852284384087,0.07586417003944768,86,2,0.7222222222222222,8.342250834021057,-0.15694355921917835,0.2850434224296161
"[63, 252]",1.0,84,0.3,63,0.4,-3.75,3.875,-2.75,63,0.75,0,0.4800746548195207,0.5181333870177842,0.3038215784336973,0.05974302639128637,-0.19663852284384087,0.07586417003944768,86,2,0.7222222222222222,8.342250834021057,-0.15694355921917835,0.2850434224296161
"[63, 252]",1.0,84,0.3,63,0.4,-3.75,3.875,-2.625,0,0.0,0,0.47953944941860616,0.5176503666121257,0.3035963365976276,0.059698735169359196,-0.19663852284384153,0.0758198788175205,89,2,0.7222222222222222,8.345153931514943,-0.15694355921917835,0.28471706901512744
"[63, 252]",1.0,84,0.3,63,0.4,-3.75,3.875,-2.625,42,1.0,0,0.47953944941860616,0.5176503666121257,0.3035963365976276,0.059698735169359196,-0.19663852284384153,0.0758198788175205,86,2,0.7222222222222222,8.345153931514943,-0.15694355921917835,0.28471706901512744
"[63, 252]",1.0,84,0.3,63,0.4,-3.75,3.875,-2.625,63,0.75,0,0.47953944941860616,0.5176503666121257,0.3035963365976276,0.059698735169359196,-0.19663852284384153,0.0758198788175205,88,2,0.7222222222222222,8.345153931514943,-0.15694355921917835,0.28471706901512744
"[63, 252]",1.0,84,0.3,63,0.4,-3.75,3.875,-2.625,42,0.5,0,0.47953944941860616,0.5176503666121257,0.3035963365976276,0.059698735169359196,-0.19663852284384153,0.0758198788175205,88,2,0.7222222222222222,8.345153931514943,-0.15694355921917835,0.28471706901512744
"[63, 252]",1.0,84,0.3,63,0.4,-3.75,3.875,-2.625,63,0.5,0,0.47953944941860616,0.5176503666121257,0.3035963365976276,0.059698735169359196,-0.19663852284384153,0.0758198788175205,88,2,0.7222222222222222,8.345153931514943,-0.15694355921917835,0.28471706901512744
"[63, 252]",1.0,84,0.3,63,0.4,-3.75,3.875,-2.625,42,0.75,0,0.47953944941860616,0.5176503666121257,0.3035963365976276,0.059698735169359196,-0.19663852284384153,0.0758198788175205,88,2,0.7222222222222222,8.345153931514943,-0.15694355921917835,0.28471706901512744
"[63, 252]",1.0,84,0.2,126,0.4,-3.75,3.75,-2.75,63,1.0,0,0.476851063094342,0.5168398430147828,0.3039178379913188,0.05976195472850687,-0.19663852284384153,0.07588309837666818,86,2,0.7222222222222222,8.328589031570447,-0.15694355921917835,0.28334423672256376
"[63, 252]",1.0,84,0.2,126,0.4,-3.75,3.75,-2.75,63,0.5,0,0.476851063094342,0.5168398430147828,0.3039178379913188,0.05976195472850687,-0.19663852284384153,0.07588309837666818,88,2,0.7222222222222222,8.328589031570447,-0.15694355921917835,0.28334423672256376
"[63, 252]",1.0,84,0.2,126,0.4,-3.75,3.75,-2.75,63,0.75,0,0.476851063094342,0.5168398430147828,0.3039178379913188,0.05976195472850687,-0.19663852284384153,0.07588309837666818,88,2,0.7222222222222222,8.328589031570447,-0.15694355921917835,0.28334423672256376
"[63, 252]",1.0,84,0.2,126,0.4,-3.75,3.75,-2.75,126,0.5,0,0.476851063094342,0.5168398430147828,0.3039178379913188,0.05976195472850687,-0.19663852284384153,0.07588309837666818,89,2,0.7222222222222222,8.328589031570447,-0.15694355921917835,0.28334423672256376
"[63, 252]",1.0,84,0.2,126,0.4,-3.75,3.75,-2.75,42,0.5,0,0.476851063094342,0.5168398430147828,0.3039178379913188,0.05976195472850687,-0.19663852284384153,0.07588309837666818,88,2,0.7222222222222222,8.328589031570447,-0.15694355921917835,0.28334423672256376
"[63, 252]",1.0,84,0.2,126,0.4,-3.75,3.75,-2.75,42,1.0,0,0.476851063094342,0.5168398430147828,0.3039178379913188,0.05976195472850687,-0.19663852284384153,0.07588309837666818,86,2,0.7222222222222222,8.328589031570447,-0.15694355921917835,0.28334423672256376
"[63, 252]",1.0,84,0.2,126,0.4,-3.75,3.75,-2.75,0,0.0,0,0.476851063094342,0.5168398430147828,0.3039178379913188,0.05976195472850687,-0.19663852284384153,0.07588309837666818,89,2,0.7222222222222222,8.328589031570447,-0.15694355921917835,0.28334423672256376
"[63, 252]",1.0,84,0.2,126,0.4,-3.75,3.75,-2.75,126,0.75,0,0.476851063094342,0.5168398430147828,0.3039178379913188,0.05976195472850687,-0.19663852284384153,0.07588309837666818,89,2,0.7222222222222222,8.328589031570447,-0.15694355921917835,0.28334423672256376
"[63, 252]",1.0,84,0.2,126,0.4,-3.75,3.75,-2.75,126,1.0,0,0.476851063094342,0.5168398430147828,0.3039178379913188,0.05976195472850687,-0.19663852284384153,0.07588309837666818,89,2,0.7222222222222222,8.328589031570447,-0.15694355921917835,0.28334423672256376
"[63, 252]",1.0,84,0.2,126,0.4,-3.75,3.75,-2.75,42,0.75,0,0.476851063094342,0.5168398430147828,0.3039178379913188,0.05976195472850687,-0.19663852284384153,0.07588309837666818,88,2,0.7222222222222222,8.328589031570447,-0.15694355921917835,0.28334423672256376
"[63, 252]",1.0,84,0.3,63,0.4,-3.75,3.75,-2.75,42,1.0,252,0.47633387166429786,0.5142645799060974,0.3023174114722718,0.05944724922188116,-0.19663852284384087,0.07556839287004247,86,2,0.7222222222222222,8.359167507722299,-0.15694355921917835,0.28273245362248556
"[63, 252]",1.0,84,0.3,63,0.4,-3.75,3.75,-2.75,0,1.0,252,0.47633387166429786,0.5142645799060974,0.3023174114722718,0.05944724922188116,-0.19663852284384087,0.07556839287004247,90,2,0.7222222222222222,8.359167507722299,-0.15694355921917835,0.28273245362248556
"[63, 252]",1.0,84,0.3,63,0.4,-3.75,3.75,-2.75,42,0.5,252,0.47633387166429786,0.5142645799060974,0.3023174114722718,0.05944724922188116,-0.19663852284384087,0.07556839287004247,88,2,0.7222222222222222,8.359167507722299,-0.15694355921917835,0.28273245362248556
"[63, 252]",1.0,84,0.3,63,0.4,-3.75,3.75,-2.75,42,0.75,252,0.47633387166429786,0.5142645799060974,0.3023174114722718,0.05944724922188116,-0.19663852284384087,0.07556839287004247,88,2,0.7222222222222222,8.359167507722299,-0.15694355921917835,0.28273245362248556
"[63, 252]",1.0,84,0.3,63,0.4,-3.75,3.75,-2.75,126,0.75,252,0.47633387166429786,0.5142645799060974,0.3023174114722718,0.05944724922188116,-0.19663852284384087,0.07556839287004247,90,2,0.7222222222222222,8.359167507722299,-0.15694355921917835,0.28273245362248556
"[63, 252]",1.0,84,0.3,63,0.4,-3.75,3.75,-2.75,63,0.75,252,0.47633387166429786,0.5142645799060974,0.3023174114722718,0.05944724922188116,-0.19663852284384087,0.07556839287004247,88,2,0.7222222222222222,8.359167507722299,-0.15694355921917835,0.28273245362248556
"[63, 252]",1.0,84,0.3,63,0.4,-3.75,3.75,-2.75,63,0.5,252,0.47633387166429786,0.5142645799060974,0.3023174114722718,0.05944724922188116,-0.19663852284384087,0.07556839287004247,88,2,0.7222222222222222,8.359167507722299,-0.15694355921917835,0.28273245362248556
"[63, 252]",1.0,84,0.3,63,0.4,-3.75,3.75,-2.75,126,1.0,252,0.47633387166429786,0.5142645799060974,0.3023174114722718,0.05944724922188116,-0.19663852284384087,0.07556839287004247,90,2,0.7222222222222222,8.359167507722299,-0.15694355921917835,0.28273245362248556
"[63, 252]",1.0,84,0.3,63,0.4,-3.75,3.75,-2.75,63,1.0,252,0.47633387166429786,0.5142645799060974,0.3023174114722718,0.05944724922188116,-0.19663852284384087,0.07556839287004247,86,2,0.7222222222222222,8.359167507722299,-0.15694355921917835,0.28273245362248556
"[63, 252]",1.0,84,0.3,63,0.4,-3.75,3.75,-2.75,0,0.5,252,0.47633387166429786,0.5142645799060974,0.3023174114722718,0.05944724922188116,-0.19663852284384087,0.07556839287004247,90,2,0.7222222222222222,8.359167507722299,-0.15694355921917835,0.28273245362248556
"[63, 252]",1.0,84,0.3,63,0.4,-3.75,3.75,-2.75,0,0.75,252,0.47633387166429786,0.5142645799060974,0.3023174114722718,0.05944724922188116,-0.19663852284384087,0.07556839287004247,90,2,0.7222222222222222,8.359167507722299,-0.15694355921917835,0.28273245362248556
"[63, 252]",1.0,84,0.3,63,0.4,-3.75,3.75,-2.75,126,0.5,252,0.47633387166429786,0.5142645799060974,0.3023174114722718,0.05944724922188116,-0.19663852284384087,0.07556839287004247,90,2,0.7222222222222222,8.359167507722299,-0.15694355921917835,0.28273245362248556
"[63, 252]",0.75,126,0.2,126,0.3,-3.25,3.5,-2.75,63,1.0,0,0.4755299710931235,0.5099488326926016,0.30619537509433814,0.060209806260166365,-0.19663852284384065,0.07633094990832767,56,2,0.7222222222222222,8.637981532931352,-0.1669241999468749,0.28189558662170805
"[63, 252]",0.75,126,0.2,126,0.3,-3.25,3.5,-2.75,42,0.5,0,0.4755299710931235,0.5099488326926016,0.30619537509433814,0.060209806260166365,-0.19663852284384065,0.07633094990832767,57,2,0.7222222222222222,8.637981532931352,-0.1669241999468749,0.28189558662170805
"[63, 252]",0.75,126,0.2,126,0.3,-3.25,3.5,-2.75,63,0.5,0,0.4755299710931235,0.5099488326926016,0.30619537509433814,0.060209806260166365,-0.19663852284384065,0.07633094990832767,57,2,0.7222222222222222,8.637981532931352,-0.1669241999468749,0.28189558662170805
"[63, 252]",0.75,126,0.2,126,0.3,-3.25,3.5,-2.75,42,1.0,0,0.4755299710931235,0.5099488326926016,0.30619537509433814,0.060209806260166365,-0.19663852284384065,0.07633094990832767,56,2,0.7222222222222222,8.637981532931352,-0.1669241999468749,0.28189558662170805
"[63, 252]",0.75,126,0.2,126,0.3,-3.25,3.5,-2.75,42,0.75,0,0.4755299710931235,0.5099488326926016,0.30619537509433814,0.060209806260166365,-0.19663852284384065,0.07633094990832767,56,2,0.7222222222222222,8.637981532931352,-0.1669241999468749,0.28189558662170805
"[63, 252]",0.75,126,0.2,126,0.3,-3.25,3.5,-2.75,0,0.0,0,0.4755299710931235,0.5099488326926016,0.30619537509433814,0.060209806260166365,-0.19663852284384065,0.07633094990832767,58,2,0.7222222222222222,8.637981532931352,-0.1669241999468749,0.28189558662170805
"[63, 252]",0.75,126,0.2,126,0.3,-3.25,3.5,-2.75,126,0.5,0,0.4755299710931235,0.5099488326926016,0.30619537509433814,0.060209806260166365,-0.19663852284384065,0.07633094990832767,57,2,0.7222222222222222,8.637981532931352,-0.1669241999468749,0.28189558662170805
"[63, 252]",0.75,126,0.2,126,0.3,-3.25,3.5,-2.75,126,0.75,0,0.4755299710931235,0.5099488326926016,0.30619537509433814,0.060209806260166365,-0.19663852284384065,0.07633094990832767,57,2,0.7222222222222222,8.637981532931352,-0.1669241999468749,0.28189558662170805
"[63, 252]",0.75,126,0.2,126,0.3,-3.25,3.5,-2.75,126,1.0,0,0.4755299710931235,0.5099488326926016,0.30619537509433814,0.060209806260166365,-0.19663852284384065,0.07633094990832767,57,2,0.7222222222222222,8.637981532931352,-0.1669241999468749,0.28189558662170805
"[63, 252]",0.75,126,0.2,126,0.3,-3.25,3.5,-2.75,63,0.75,0,0.4755299710931235,0.5099488326926016,0.30619537509433814,0.060209806260166365,-0.19663852284384065,0.07633094990832767,56,2,0.7222222222222222,8.637981532931352,-0.1669241999468749,0.28189558662170805
"[63, 252]",1.0,84,0.2,126,0.4,-3.75,3.75,-2.75,0,1.0,252,0.47257595560920507,0.5124613345043172,0.3021745678676763,0.05941916066647601,-0.19663852284384153,0.07554030431463732,90,2,0.7222222222222222,8.346994286834084,-0.15694355921917835,0.28070396782934615
"[63, 252]",1.0,84,0.2,126,0.4,-3.75,3.75,-2.75,126,0.5,252,0.47257595560920507,0.5124613345043172,0.3021745678676763,0.05941916066647601,-0.19663852284384153,0.07554030431463732,90,2,0.7222222222222222,8.346994286834084,-0.15694355921917835,0.28070396782934615
"[63, 252]",1.0,84,0.2,126,0.4,-3.75,3.75,-2.75,42,1.0,252,0.47257595560920507,0.5124613345043172,0.3021745678676763,0.05941916066647601,-0.19663852284384153,0.07554030431463732,87,2,0.7222222222222222,8.346994286834084,-0.15694355921917835,0.28070396782934615
"[63, 252]",1.0,84,0.2,126,0.4,-3.75,3.75,-2.75,0,0.75,252,0.47257595560920507,0.5124613345043172,0.3021745678676763,0.05941916066647601,-0.19663852284384153,0.07554030431463732,90,2,0.7222222222222222,8.346994286834084,-0.15694355921917835,0.28070396782934615
"[63, 252]",1.0,84,0.2,126,0.4,-3.75,3.75,-2.75,63,1.0,252,0.47257595560920507,0.5124613345043172,0.3021745678676763,0.05941916066647601,-0.19663852284384153,0.07554030431463732,87,2,0.7222222222222222,8.346994286834084,-0.15694355921917835,0.28070396782934615
"[63, 252]",1.0,84,0.2,126,0.4,-3.75,3.75,-2.75,0,0.5,252,0.47257595560920507,0.5124613345043172,0.3021745678676763,0.05941916066647601,-0.19663852284384153,0.07554030431463732,90,2,0.7222222222222222,8.346994286834084,-0.15694355921917835,0.28070396782934615
"[63, 252]",1.0,84,0.2,126,0.4,-3.75,3.75,-2.75,42,0.75,252,0.47257595560920507,0.5124613345043172,0.3021745678676763,0.05941916066647601,-0.19663852284384153,0.07554030431463732,89,2,0.7222222222222222,8.346994286834084,-0.15694355921917835,0.28070396782934615
"[63, 252]",1.0,84,0.2,126,0.4,-3.75,3.75,-2.75,42,0.5,252,0.47257595560920507,0.5124613345043172,0.3021745678676763,0.05941916066647601,-0.19663852284384153,0.07554030431463732,89,2,0.7222222222222222,8.346994286834084,-0.15694355921917835,0.28070396782934615
"[63, 252]",1.0,84,0.2,126,0.4,-3.75,3.75,-2.75,63,0.75,252,0.47257595560920507,0.5124613345043172,0.3021745678676763,0.05941916066647601,-0.19663852284384153,0.07554030431463732,89,2,0.7222222222222222,8.346994286834084,-0.15694355921917835,0.28070396782934615
"[63, 252]",1.0,84,0.2,126,0.4,-3.75,3.75,-2.75,126,0.75,252,0.47257595560920507,0.5124613345043172,0.3021745678676763,0.05941916066647601,-0.19663852284384153,0.07554030431463732,90,2,0.7222222222222222,8.346994286834084,-0.15694355921917835,0.28070396782934615
"[63, 252]",1.0,84,0.2,126,0.4,-3.75,3.75,-2.75,126,1.0,252,0.47257595560920507,0.5124613345043172,0.3021745678676763,0.05941916066647601,-0.19663852284384153,0.07554030431463732,90,2,0.7222222222222222,8.346994286834084,-0.15694355921917835,0.28070396782934615
"[63, 252]",1.0,84,0.2,126,0.4,-3.75,3.75,-2.75,63,0.5,252,0.47257595560920507,0.5124613345043172,0.3021745678676763,0.05941916066647601,-0.19663852284384153,0.07554030431463732,89,2,0.7222222222222222,8.346994286834084,-0.15694355921917835,0.28070396782934615
"[63, 252]",0.75,126,0.2,126,0.3,-3.25,3.25,-2.75,42,0.5,0,0.5147892779833959,0.5589375509393005,0.3261291613401311,0.06412955654222396,-0.19663852284384065,0.08025070019038527,65,3,0.7777777777777778,8.646642879085842,-0.1669241999468749,0.2799705503377038
"[63, 252]",0.75,126,0.2,126,0.3,-3.25,3.25,-2.75,126,0.75,0,0.5147892779833959,0.5589375509393005,0.3261291613401311,0.06412955654222396,-0.19663852284384065,0.08025070019038527,64,3,0.7777777777777778,8.646642879085842,-0.1669241999468749,0.2799705503377038
"[63, 252]",0.75,126,0.2,126,0.3,-3.25,3.25,-2.75,63,0.75,0,0.5147892779833959,0.5589375509393005,0.3261291613401311,0.06412955654222396,-0.19663852284384065,0.08025070019038527,64,3,0.7777777777777778,8.646642879085842,-0.1669241999468749,0.2799705503377038
"[63, 252]",0.75,126,0.2,126,0.3,-3.25,3.25,-2.75,63,0.5,0,0.5147892779833959,0.5589375509393005,0.3261291613401311,0.06412955654222396,-0.19663852284384065,0.08025070019038527,65,3,0.7777777777777778,8.646642879085842,-0.1669241999468749,0.2799705503377038
"[63, 252]",0.75,126,0.2,126,0.3,-3.25,3.25,-2.75,42,1.0,0,0.5147892779833959,0.5589375509393005,0.3261291613401311,0.06412955654222396,-0.19663852284384065,0.08025070019038527,63,3,0.7777777777777778,8.646642879085842,-0.1669241999468749,0.2799705503377038
"[63, 252]",0.75,126,0.2,126,0.3,-3.25,3.25,-2.75,42,0.75,0,0.5147892779833959,0.5589375509393005,0.3261291613401311,0.06412955654222396,-0.19663852284384065,0.08025070019038527,64,3,0.7777777777777778,8.646642879085842,-0.1669241999468749,0.2799705503377038
"[63, 252]",0.75,126,0.2,126,0.3,-3.25,3.25,-2.75,63,1.0,0,0.5147892779833959,0.5589375509393005,0.3261291613401311,0.06412955654222396,-0.19663852284384065,0.08025070019038527,63,3,0.7777777777777778,8.646642879085842,-0.1669241999468749,0.2799705503377038
"[63, 252]",0.75,126,0.2,126,0.3,-3.25,3.25,-2.75,126,1.0,0,0.5147892779833959,0.5589375509393005,0.3261291613401311,0.06412955654222396,-0.19663852284384065,0.08025070019038527,64,3,0.7777777777777778,8.646642879085842,-0.1669241999468749,0.2799705503377038
"[63, 252]",0.75,126,0.2,126,0.3,-3.25,3.25,-2.75,0,0.0,0,0.5147892779833959,0.5589375509393005,0.3261291613401311,0.06412955654222396,-0.19663852284384065,0.08025070019038527,66,3,0.7777777777777778,8.646642879085842,-0.1669241999468749,0.2799705503377038
"[63, 252]",0.75,126,0.2,126,0.3,-3.25,3.25,-2.75,126,0.5,0,0.5147892779833959,0.5589375509393005,0.3261291613401311,0.06412955654222396,-0.19663852284384065,0.08025070019038527,65,3,0.7777777777777778,8.646642879085842,-0.1669241999468749,0.2799705503377038
"[63, 252]",1.0,84,0.3,63,0.4,-3.875,3.625,-2.625,42,0.75,0,0.4695332879642282,0.5148891041811854,0.3070664794992515,0.06038109894359156,-0.19663852284384153,0.07650224259175287,87,2,0.7222222222222222,8.006707222679692,-0.15694355921917835,0.27985390789578035
"[63, 252]",1.0,84,0.3,63,0.4,-3.875,3.625,-2.625,42,1.0,0,0.4695332879642282,0.5148891041811854,0.3070664794992515,0.06038109894359156,-0.19663852284384153,0.07650224259175287,87,2,0.7222222222222222,8.006707222679692,-0.15694355921917835,0.27985390789578035
"[63, 252]",1.0,84,0.3,63,0.4,-3.875,3.625,-2.625,42,0.5,0,0.4695332879642282,0.5148891041811854,0.3070664794992515,0.06038109894359156,-0.19663852284384153,0.07650224259175287,88,2,0.7222222222222222,8.006707222679692,-0.15694355921917835,0.27985390789578035
"[63, 252]",1.0,84,0.3,63,0.4,-3.875,3.625,-2.625,0,0.0,0,0.4695332879642282,0.5148891041811854,0.3070664794992515,0.06038109894359156,-0.19663852284384153,0.07650224259175287,91,2,0.7222222222222222,8.006707222679692,-0.15694355921917835,0.27985390789578035
"[63, 252]",1.0,84,0.3,63,0.4,-3.875,3.625,-2.625,63,0.75,0,0.4695332879642282,0.5148891041811854,0.3070664794992515,0.06038109894359156,-0.19663852284384153,0.07650224259175287,87,2,0.7222222222222222,8.006707222679692,-0.15694355921917835,0.27985390789578035
"[63, 252]",1.0,84,0.3,63,0.4,-3.875,3.625,-2.625,63,0.5,0,0.4695332879642282,0.5148891041811854,0.3070664794992515,0.06038109894359156,-0.19663852284384153,0.07650224259175287,88,2,0.7222222222222222,8.006707222679692,-0.15694355921917835,0.27985390789578035
"[63, 252]",1.0,84,0.2,252,0.4,-3.75,3.75,-3.0,126,1.0,252,0.46917557739980614,0.5084964935972986,0.3063645331716318,0.060243069254612536,-0.19663852284384076,0.07636421290277384,77,2,0.7222222222222222,8.396275013893613,-0.18667545268935104,0.2776388175135072
"[63, 252]",1.0,84,0.2,252,0.4,-3.75,3.75,-3.0,126,0.75,252,0.46917557739980614,0.5084964935972986,0.3063645331716318,0.060243069254612536,-0.19663852284384076,0.07636421290277384,77,2,0.7222222222222222,8.396275013893613,-0.18667545268935104,0.2776388175135072
"[63, 252]",1.0,84,0.2,252,0.4,-3.75,3.75,-3.0,42,0.5,252,0.46917557739980614,0.5084964935972986,0.3063645331716318,0.060243069254612536,-0.19663852284384076,0.07636421290277384,76,2,0.7222222222222222,8.396275013893613,-0.18667545268935104,0.2776388175135072
"[63, 252]",1.0,84,0.2,252,0.4,-3.75,3.75,-3.0,0,0.5,252,0.46917557739980614,0.5084964935972986,0.3063645331716318,0.060243069254612536,-0.19663852284384076,0.07636421290277384,77,2,0.7222222222222222,8.396275013893613,-0.18667545268935104,0.2776388175135072
"[63, 252]",1.0,84,0.2,252,0.4,-3.75,3.75,-3.0,0,1.0,252,0.46917557739980614,0.5084964935972986,0.3063645331716318,0.060243069254612536,-0.19663852284384076,0.07636421290277384,77,2,0.7222222222222222,8.396275013893613,-0.18667545268935104,0.2776388175135072
"[63, 252]",1.0,84,0.2,252,0.4,-3.75,3.75,-3.0,63,1.0,252,0.46917557739980614,0.5084964935972986,0.3063645331716318,0.060243069254612536,-0.19663852284384076,0.07636421290277384,74,2,0.7222222222222222,8.396275013893613,-0.18667545268935104,0.2776388175135072
"[63, 252]",1.0,84,0.2,252,0.4,-3.75,3.75,-3.0,63,0.75,252,0.46917557739980614,0.5084964935972986,0.3063645331716318,0.060243069254612536,-0.19663852284384076,0.07636421290277384,75,2,0.7222222222222222,8.396275013893613,-0.18667545268935104,0.2776388175135072
"[63, 252]",1.0,84,0.2,252,0.4,-3.75,3.75,-3.0,63,0.5,252,0.46917557739980614,0.5084964935972986,0.3063645331716318,0.060243069254612536,-0.19663852284384076,0.07636421290277384,76,2,0.7222222222222222,8.396275013893613,-0.18667545268935104,0.2776388175135072
"[63, 252]",1.0,84,0.2,252,0.4,-3.75,3.75,-3.0,42,0.75,252,0.46917557739980614,0.5084964935972986,0.3063645331716318,0.060243069254612536,-0.19663852284384076,0.07636421290277384,75,2,0.7222222222222222,8.396275013893613,-0.18667545268935104,0.2776388175135072
"[63, 252]",1.0,84,0.2,252,0.4,-3.75,3.75,-3.0,0,0.75,252,0.46917557739980614,0.5084964935972986,0.3063645331716318,0.060243069254612536,-0.19663852284384076,0.07636421290277384,77,2,0.7222222222222222,8.396275013893613,-0.18667545268935104,0.2776388175135072
"[63, 252]",1.0,84,0.2,252,0.4,-3.75,3.75,-3.0,42,1.0,252,0.46917557739980614,0.5084964935972986,0.3063645331716318,0.060243069254612536,-0.19663852284384076,0.07636421290277384,74,2,0.7222222222222222,8.396275013893613,-0.18667545268935104,0.2776388175135072
"[63, 252]",1.0,84,0.2,252,0.4,-3.75,3.75,-3.0,126,0.5,252,0.46917557739980614,0.5084964935972986,0.3063645331716318,0.060243069254612536,-0.19663852284384076,0.07636421290277384,77,2,0.7222222222222222,8.396275013893613,-0.18667545268935104,0.2776388175135072
"[63, 252]",1.0,84,0.2,252,0.4,-3.75,3.75,-2.75,42,0.5,0,0.4713274696207664,0.5101260730143844,0.30793495504789636,0.06055187469260326,-0.1966385228438421,0.07667301834076456,86,2,0.7222222222222222,8.226701192853735,-0.2154528155560782,0.27755515612455883
"[63, 252]",1.0,84,0.2,252,0.4,-3.75,3.75,-2.75,126,1.0,0,0.4713274696207664,0.5101260730143844,0.30793495504789636,0.06055187469260326,-0.1966385228438421,0.07667301834076456,87,2,0.7222222222222222,8.226701192853735,-0.2154528155560782,0.27755515612455883
"[63, 252]",1.0,84,0.2,252,0.4,-3.75,3.75,-2.75,63,1.0,0,0.4713274696207664,0.5101260730143844,0.30793495504789636,0.06055187469260326,-0.1966385228438421,0.07667301834076456,84,2,0.7222222222222222,8.226701192853735,-0.2154528155560782,0.27755515612455883
"[63, 252]",1.0,84,0.2,252,0.4,-3.75,3.75,-2.75,63,0.75,0,0.4713274696207664,0.5101260730143844,0.30793495504789636,0.06055187469260326,-0.1966385228438421,0.07667301834076456,85,2,0.7222222222222222,8.226701192853735,-0.2154528155560782,0.27755515612455883
"[63, 252]",1.0,84,0.2,252,0.4,-3.75,3.75,-2.75,0,0.0,0,0.4713274696207664,0.5101260730143844,0.30793495504789636,0.06055187469260326,-0.1966385228438421,0.07667301834076456,87,2,0.7222222222222222,8.226701192853735,-0.2154528155560782,0.27755515612455883
"[63, 252]",1.0,84,0.2,252,0.4,-3.75,3.75,-2.75,126,0.75,0,0.4713274696207664,0.5101260730143844,0.30793495504789636,0.06055187469260326,-0.1966385228438421,0.07667301834076456,87,2,0.7222222222222222,8.226701192853735,-0.2154528155560782,0.27755515612455883
"[63, 252]",1.0,84,0.2,252,0.4,-3.75,3.75,-2.75,42,1.0,0,0.4713274696207664,0.5101260730143844,0.30793495504789636,0.06055187469260326,-0.1966385228438421,0.07667301834076456,84,2,0.7222222222222222,8.226701192853735,-0.2154528155560782,0.27755515612455883
"[63, 252]",1.0,84,0.2,252,0.4,-3.75,3.75,-2.75,63,0.5,0,0.4713274696207664,0.5101260730143844,0.30793495504789636,0.06055187469260326,-0.1966385228438421,0.07667301834076456,86,2,0.7222222222222222,8.226701192853735,-0.2154528155560782,0.27755515612455883
"[63, 252]",1.0,84,0.2,252,0.4,-3.75,3.75,-2.75,126,0.5,0,0.4713274696207664,0.5101260730143844,0.30793495504789636,0.06055187469260326,-0.1966385228438421,0.07667301834076456,87,2,0.7222222222222222,8.226701192853735,-0.2154528155560782,0.27755515612455883
"[63, 252]",1.0,84,0.2,252,0.4,-3.75,3.75,-2.75,42,0.75,0,0.4713274696207664,0.5101260730143844,0.30793495504789636,0.06055187469260326,-0.1966385228438421,0.07667301834076456,85,2,0.7222222222222222,8.226701192853735,-0.2154528155560782,0.27755515612455883
"[63, 252]",1.0,84,0.2,252,0.4,-3.75,3.75,-2.875,0,0.0,0,0.4697906187496155,0.5085475046922171,0.30726729326475904,0.06042058666580785,-0.1966385228438421,0.07654173031396916,81,2,0.7222222222222222,8.22763400826318,-0.2154528155560782,0.2766015718865071
"[63, 252]",1.0,84,0.2,252,0.4,-3.75,3.75,-2.875,63,0.75,0,0.4697906187496155,0.5085475046922171,0.30726729326475904,0.06042058666580785,-0.1966385228438421,0.07654173031396916,79,2,0.7222222222222222,8.22763400826318,-0.2154528155560782,0.2766015718865071
"[63, 252]",1.0,84,0.2,252,0.4,-3.75,3.75,-2.875,42,0.75,0,0.4697906187496155,0.5085475046922171,0.30726729326475904,0.06042058666580785,-0.1966385228438421,0.07654173031396916,79,2,0.7222222222222222,8.22763400826318,-0.2154528155560782,0.2766015718865071
"[63, 252]",1.0,84,0.2,252,0.4,-3.75,3.75,-2.875,63,1.0,0,0.4697906187496155,0.5085475046922171,0.30726729326475904,0.06042058666580785,-0.1966385228438421,0.07654173031396916,78,2,0.7222222222222222,8.22763400826318,-0.2154528155560782,0.2766015718865071
"[63, 252]",1.0,84,0.2,252,0.4,-3.75,3.75,-2.875,63,0.5,0,0.4697906187496155,0.5085475046922171,0.30726729326475904,0.06042058666580785,-0.1966385228438421,0.07654173031396916,80,2,0.7222222222222222,8.22763400826318,-0.2154528155560782,0.2766015718865071
"[63, 252]",1.0,84,0.2,252,0.4,-3.75,3.75,-2.875,126,0.5,0,0.4697906187496155,0.5085475046922171,0.30726729326475904,0.06042058666580785,-0.1966385228438421,0.07654173031396916,81,2,0.7222222222222222,8.22763400826318,-0.2154528155560782,0.2766015718865071
"[63, 252]",1.0,84,0.2,252,0.4,-3.75,3.75,-2.875,126,0.75,0,0.4697906187496155,0.5085475046922171,0.30726729326475904,0.06042058666580785,-0.1966385228438421,0.07654173031396916,81,2,0.7222222222222222,8.22763400826318,-0.2154528155560782,0.2766015718865071
"[63, 252]",1.0,84,0.2,252,0.4,-3.75,3.75,-2.875,42,1.0,0,0.4697906187496155,0.5085475046922171,0.30726729326475904,0.06042058666580785,-0.1966385228438421,0.07654173031396916,78,2,0.7222222222222222,8.22763400826318,-0.2154528155560782,0.2766015718865071
"[63, 252]",1.0,84,0.2,252,0.4,-3.75,3.75,-2.875,126,1.0,0,0.4697906187496155,0.5085475046922171,0.30726729326475904,0.06042058666580785,-0.1966385228438421,0.07654173031396916,81,2,0.7222222222222222,8.22763400826318,-0.2154528155560782,0.2766015718865071
"[63, 252]",1.0,84,0.2,252,0.4,-3.75,3.75,-2.875,42,0.5,0,0.4697906187496155,0.5085475046922171,0.30726729326475904,0.06042058666580785,-0.1966385228438421,0.07654173031396916,80,2,0.7222222222222222,8.22763400826318,-0.2154528155560782,0.2766015718865071
"[63, 252]",1.0,84,0.3,63,0.4,-3.875,3.625,-2.75,63,0.75,0,0.46432242932942636,0.5091886045276238,0.3048395957684752,0.05994320781622653,-0.19663852284384087,0.07606435146438784,85,2,0.7222222222222222,8.05347696198157,-0.15694355921917835,0.2765982527312847
"[63, 252]",1.0,84,0.3,63,0.4,-3.875,3.625,-2.75,42,0.5,0,0.46432242932942636,0.5091886045276238,0.3048395957684752,0.05994320781622653,-0.19663852284384087,0.07606435146438784,86,2,0.7222222222222222,8.05347696198157,-0.15694355921917835,0.2765982527312847
"[63, 252]",1.0,84,0.3,63,0.4,-3.875,3.625,-2.75,42,0.75,0,0.46432242932942636,0.5091886045276238,0.3048395957684752,0.05994320781622653,-0.19663852284384087,0.07606435146438784,85,2,0.7222222222222222,8.05347696198157,-0.15694355921917835,0.2765982527312847
"[63, 252]",1.0,84,0.3,63,0.4,-3.875,3.625,-2.75,0,0.0,0,0.46432242932942636,0.5091886045276238,0.3048395957684752,0.05994320781622653,-0.19663852284384087,0.07606435146438784,89,2,0.7222222222222222,8.05347696198157,-0.15694355921917835,0.2765982527312847
"[63, 252]",1.0,84,0.3,63,0.4,-3.875,3.625,-2.75,42,1.0,0,0.46432242932942636,0.5091886045276238,0.3048395957684752,0.05994320781622653,-0.19663852284384087,0.07606435146438784,85,2,0.7222222222222222,8.05347696198157,-0.15694355921917835,0.2765982527312847
"[63, 252]",1.0,84,0.3,63,0.4,-3.875,3.625,-2.75,63,0.5,0,0.46432242932942636,0.5091886045276238,0.3048395957684752,0.05994320781622653,-0.19663852284384087,0.07606435146438784,86,2,0.7222222222222222,8.05347696198157,-0.15694355921917835,0.2765982527312847
"[63, 252]",0.75,126,0.2,252,0.3,-3.25,3.25,-2.75,42,0.75,0,0.5044148977826345,0.5472553462630104,0.32143671305328736,0.0632068404425783,-0.19663852284384187,0.0793279840907396,64,3,0.7777777777777778,8.707932983249673,-0.1669241999468749,0.27343795005791693
"[63, 252]",0.75,126,0.2,252,0.3,-3.25,3.25,-2.75,126,0.75,0,0.5044148977826345,0.5472553462630104,0.32143671305328736,0.0632068404425783,-0.19663852284384187,0.0793279840907396,67,3,0.7777777777777778,8.707932983249673,-0.1669241999468749,0.27343795005791693
"[63, 252]",0.75,126,0.2,252,0.3,-3.25,3.25,-2.75,42,0.5,0,0.5044148977826345,0.5472553462630104,0.32143671305328736,0.0632068404425783,-0.19663852284384187,0.0793279840907396,66,3,0.7777777777777778,8.707932983249673,-0.1669241999468749,0.27343795005791693
"[63, 252]",0.75,126,0.2,252,0.3,-3.25,3.25,-2.75,0,0.0,0,0.5044148977826345,0.5472553462630104,0.32143671305328736,0.0632068404425783,-0.19663852284384187,0.0793279840907396,68,3,0.7777777777777778,8.707932983249673,-0.1669241999468749,0.27343795005791693
"[63, 252]",0.75,126,0.2,252,0.3,-3.25,3.25,-2.75,126,0.5,0,0.5044148977826345,0.5472553462630104,0.32143671305328736,0.0632068404425783,-0.19663852284384187,0.0793279840907396,67,3,0.7777777777777778,8.707932983249673,-0.1669241999468749,0.27343795005791693
"[63, 252]",0.75,126,0.2,252,0.3,-3.25,3.25,-2.75,126,1.0,0,0.5044148977826345,0.5472553462630104,0.32143671305328736,0.0632068404425783,-0.19663852284384187,0.0793279840907396,67,3,0.7777777777777778,8.707932983249673,-0.1669241999468749,0.27343795005791693
"[63, 252]",0.75,126,0.2,252,0.3,-3.25,3.25,-2.75,63,0.75,0,0.5044148977826345,0.5472553462630104,0.32143671305328736,0.0632068404425783,-0.19663852284384187,0.0793279840907396,65,3,0.7777777777777778,8.707932983249673,-0.1669241999468749,0.27343795005791693
"[63, 252]",0.75,126,0.2,252,0.3,-3.25,3.25,-2.75,63,0.5,0,0.5044148977826345,0.5472553462630104,0.32143671305328736,0.0632068404425783,-0.19663852284384187,0.0793279840907396,67,3,0.7777777777777778,8.707932983249673,-0.1669241999468749,0.27343795005791693
"[63, 252]",0.75,126,0.2,252,0.3,-3.25,3.25,-2.75,42,1.0,0,0.5044148977826345,0.5472553462630104,0.32143671305328736,0.0632068404425783,-0.19663852284384187,0.0793279840907396,63,3,0.7777777777777778,8.707932983249673,-0.1669241999468749,0.27343795005791693
"[63, 252]",0.75,126,0.2,252,0.3,-3.25,3.25,-2.75,63,1.0,0,0.5044148977826345,0.5472553462630104,0.32143671305328736,0.0632068404425783,-0.19663852284384187,0.0793279840907396,64,3,0.7777777777777778,8.707932983249673,-0.1669241999468749,0.27343795005791693
"[63, 252]",1.0,84,0.3,63,0.4,-4.0,3.75,-2.75,0,0.0,0,0.4526252324028202,0.49851463111370814,0.30055615822046117,0.0591009189840912,-0.19663852284384087,0.0752220626322525,84,2,0.7222222222222222,8.784743520907268,-0.15694355921917835,0.2695207625071365
"[63, 252]",1.0,84,0.3,63,0.4,-4.0,3.75,-2.75,63,1.0,0,0.4526252324028202,0.49851463111370814,0.30055615822046117,0.0591009189840912,-0.19663852284384087,0.0752220626322525,79,2,0.7222222222222222,8.784743520907268,-0.15694355921917835,0.2695207625071365
"[63, 252]",1.0,84,0.3,63,0.4,-4.0,3.75,-2.75,42,0.75,0,0.4526252324028202,0.49851463111370814,0.30055615822046117,0.0591009189840912,-0.19663852284384087,0.0752220626322525,81,2,0.7222222222222222,8.784743520907268,-0.15694355921917835,0.2695207625071365
"[63, 252]",1.0,84,0.3,63,0.4,-4.0,3.75,-2.75,42,0.5,0,0.4526252324028202,0.49851463111370814,0.30055615822046117,0.0591009189840912,-0.19663852284384087,0.0752220626322525,81,2,0.7222222222222222,8.784743520907268,-0.15694355921917835,0.2695207625071365
"[63, 252]",1.0,84,0.3,63,0.4,-4.0,3.75,-2.75,126,0.75,0,0.4526252324028202,0.49851463111370814,0.30055615822046117,0.0591009189840912,-0.19663852284384087,0.0752220626322525,82,2,0.7222222222222222,8.784743520907268,-0.15694355921917835,0.2695207625071365
"[63, 252]",1.0,84,0.3,63,0.4,-4.0,3.75,-2.75,63,0.75,0,0.4526252324028202,0.49851463111370814,0.30055615822046117,0.0591009189840912,-0.19663852284384087,0.0752220626322525,81,2,0.7222222222222222,8.784743520907268,-0.15694355921917835,0.2695207625071365
"[63, 252]",1.0,84,0.3,63,0.4,-4.0,3.75,-2.75,126,0.5,0,0.4526252324028202,0.49851463111370814,0.30055615822046117,0.0591009189840912,-0.19663852284384087,0.0752220626322525,82,2,0.7222222222222222,8.784743520907268,-0.15694355921917835,0.2695207625071365
"[63, 252]",1.0,84,0.3,63,0.4,-4.0,3.75,-2.75,126,1.0,0,0.4526252324028202,0.49851463111370814,0.30055615822046117,0.0591009189840912,-0.19663852284384087,0.0752220626322525,82,2,0.7222222222222222,8.784743520907268,-0.15694355921917835,0.2695207625071365
"[63, 252]",1.0,84,0.3,63,0.4,-4.0,3.75,-2.75,63,0.5,0,0.4526252324028202,0.49851463111370814,0.30055615822046117,0.0591009189840912,-0.19663852284384087,0.0752220626322525,81,2,0.7222222222222222,8.784743520907268,-0.15694355921917835,0.2695207625071365
"[63, 252]",1.0,84,0.3,63,0.4,-4.0,3.75,-2.75,42,1.0,0,0.4526252324028202,0.49851463111370814,0.30055615822046117,0.0591009189840912,-0.19663852284384087,0.0752220626322525,79,2,0.7222222222222222,8.784743520907268,-0.15694355921917835,0.2695207625071365
"[63, 252]",1.0,84,0.2,252,0.4,-3.75,3.75,-2.75,0,1.0,252,0.45338028641654377,0.4900084026855941,0.29887350560599846,0.05877004465952429,-0.1966385228438421,0.0748911883076856,88,2,0.7222222222222222,8.135124449642527,-0.2154528155560782,0.2661665943035984
"[63, 252]",1.0,84,0.2,252,0.4,-3.75,3.75,-2.75,42,0.5,252,0.45338028641654377,0.4900084026855941,0.29887350560599846,0.05877004465952429,-0.1966385228438421,0.0748911883076856,87,2,0.7222222222222222,8.135124449642527,-0.2154528155560782,0.2661665943035984
"[63, 252]",1.0,84,0.2,252,0.4,-3.75,3.75,-2.75,42,1.0,252,0.45338028641654377,0.4900084026855941,0.29887350560599846,0.05877004465952429,-0.1966385228438421,0.0748911883076856,85,2,0.7222222222222222,8.135124449642527,-0.2154528155560782,0.2661665943035984
"[63, 252]",1.0,84,0.2,252,0.4,-3.75,3.75,-2.75,42,0.75,252,0.45338028641654377,0.4900084026855941,0.29887350560599846,0.05877004465952429,-0.1966385228438421,0.0748911883076856,86,2,0.7222222222222222,8.135124449642527,-0.2154528155560782,0.2661665943035984
